-- phpMyAdmin SQL Dump
-- version 4.8.3
-- https://www.phpmyadmin.net/
--
-- Host: 127.0.0.1
-- Generation Time: Feb 05, 2019 at 05:37 PM
-- Server version: 10.1.36-MariaDB
-- PHP Version: 7.2.11

SET SQL_MODE = "NO_AUTO_VALUE_ON_ZERO";
SET AUTOCOMMIT = 0;
START TRANSACTION;
SET time_zone = "+00:00";


/*!40101 SET @OLD_CHARACTER_SET_CLIENT=@@CHARACTER_SET_CLIENT */;
/*!40101 SET @OLD_CHARACTER_SET_RESULTS=@@CHARACTER_SET_RESULTS */;
/*!40101 SET @OLD_COLLATION_CONNECTION=@@COLLATION_CONNECTION */;
/*!40101 SET NAMES utf8mb4 */;

--
-- Database: `kitchen_kits`
--

-- --------------------------------------------------------

--
-- Table structure for table `activity_type`
--

CREATE TABLE `activity_type` (
  `id` int(10) NOT NULL,
  `name` varchar(50) DEFAULT NULL
) ENGINE=InnoDB DEFAULT CHARSET=latin1;

--
-- Dumping data for table `activity_type`
--

INSERT INTO `activity_type` (`id`, `name`) VALUES
(1, 'Order'),
(2, 'View'),
(3, 'Rating'),
(4, 'Comment');

-- --------------------------------------------------------

--
-- Table structure for table `add_ingredient`
--

CREATE TABLE `add_ingredient` (
  `id` int(10) NOT NULL,
  `order_id` int(10) DEFAULT NULL,
  `ingredient_id` int(10) DEFAULT NULL,
  `ingredient_amount` int(50) DEFAULT NULL
) ENGINE=InnoDB DEFAULT CHARSET=latin1;

-- --------------------------------------------------------

--
-- Table structure for table `administrator`
--

CREATE TABLE `administrator` (
  `id` int(10) NOT NULL,
  `user_id` int(10) DEFAULT NULL,
  `name` varchar(50) DEFAULT NULL
) ENGINE=InnoDB DEFAULT CHARSET=latin1;

--
-- Dumping data for table `administrator`
--

INSERT INTO `administrator` (`id`, `user_id`, `name`) VALUES
(1, 1, 'Karan Hull'),
(2, 17, 'Darcie-Mae Carter'),
(3, 18, 'Wren Mcmahon');

-- --------------------------------------------------------

--
-- Table structure for table `branch`
--

CREATE TABLE `branch` (
  `id` int(10) NOT NULL,
  `manager_id` int(10) DEFAULT NULL,
  `code` varchar(10) DEFAULT NULL,
  `name` varchar(50) DEFAULT NULL,
  `branch_address` varchar(100) DEFAULT NULL,
  `status` varchar(5) DEFAULT 'I',
  `created_date` datetime DEFAULT CURRENT_TIMESTAMP,
  `updated_date` datetime DEFAULT NULL
) ENGINE=InnoDB DEFAULT CHARSET=latin1;

--
-- Dumping data for table `branch`
--

INSERT INTO `branch` (`id`, `manager_id`, `code`, `name`, `branch_address`, `status`, `created_date`, `updated_date`) VALUES
(1, 1, 'BR00001', 'Branch_1', '06A Brown Mill, Poblacion, Bago 9322 Sultan Kudarat', 'A', '2018-12-04 11:42:54', '2018-12-04 11:42:54'),
(2, 2, 'BR00002', 'Branch_2', '38A/69 Kirlin Way Apt. 830, Jimalalud 2342 Nueva E', 'A', '2018-12-04 11:42:54', '2018-12-04 11:42:54'),
(3, 3, 'BR00003', 'Branch_3', '02A/76 Nienow Field Apt. 081, Pinamalayan 8393 Isa', 'A', '2018-12-04 11:42:54', '2018-12-04 11:42:54'),
(4, 9, 'BR00004', 'Branch_4', '03A Block Garden Apt. 569, Oroquieta City 4066 Cot', 'I', '2018-12-04 11:42:54', '2019-01-08 14:59:32'),
(5, 10, 'BR00005', 'Branch_5', '35A/44 Nolan Mews Apt. 283, Poblacion, Ilagan 2836', 'A', '2018-12-04 11:42:54', '2019-01-06 22:17:41'),
(6, 5, 'BR00006', 'Branch_6', '51A Kessler Crescent Apt. 709, Bacacay 6960 Laguna', 'A', '2018-12-05 20:20:34', '2019-01-08 14:58:06'),
(7, 7, 'BR00007', 'Branch_7', '68A/94 Bednar Field, Poblacion, Naga 4664 Batanes', 'A', '2018-12-05 20:20:37', '2019-01-08 14:58:17'),
(10, 0, 'BR00008', 'Branch_8', '66A Cummings Meadow Apt. 241, Pililla 5006 Quezon', 'I', '2018-12-05 21:06:14', '2018-12-05 21:06:14'),
(11, 0, 'BR00009', 'Branch_9', '07 Huel Landing, Poblacion, Las Piñas 1102 Norther', 'I', '2018-12-05 21:24:07', '2018-12-05 21:24:07'),
(12, 0, 'BR00012', 'Branch_10', '96 Marvin Burgs, Poblacion, Urdaneta 1609 Aklan', 'I', '2018-12-11 13:51:59', '2018-12-11 13:51:59'),
(13, 0, 'BR00013', 'Branch_11', '30A Barton Cliffs, Poblacion, Samal 1572 Apayao', 'I', '2018-12-11 13:55:30', '2019-01-08 14:57:52'),
(14, 0, 'BR00014', 'Branch_12', '27 Pfeffer Motorway, San Fernando 1430 Surigao del Sur', 'I', '2018-12-11 14:01:13', '2019-01-06 22:17:28');

-- --------------------------------------------------------

--
-- Table structure for table `branch_ingredients`
--

CREATE TABLE `branch_ingredients` (
  `id` int(10) NOT NULL,
  `ingredient_id` int(10) DEFAULT NULL,
  `branch_id` int(10) DEFAULT NULL,
  `supply` int(50) DEFAULT NULL,
  `updated_date` datetime DEFAULT CURRENT_TIMESTAMP
) ENGINE=MyISAM DEFAULT CHARSET=latin1;

--
-- Dumping data for table `branch_ingredients`
--

INSERT INTO `branch_ingredients` (`id`, `ingredient_id`, `branch_id`, `supply`, `updated_date`) VALUES
(15, 2, 1, 1000, '2019-02-05 15:04:49'),
(14, 1, 14, 100, '2019-02-05 15:04:49'),
(13, 1, 13, 100, '2019-02-05 15:04:49'),
(12, 1, 12, 100, '2019-02-05 15:04:49'),
(11, 1, 11, 100, '2019-02-05 15:04:49'),
(10, 1, 10, 100, '2019-02-05 15:04:49'),
(9, 1, 9, 100, '2019-02-05 15:04:49'),
(8, 1, 8, 100, '2019-02-05 15:04:49'),
(7, 1, 7, 100, '2019-02-05 15:04:49'),
(6, 1, 6, 100, '2019-02-05 15:04:49'),
(5, 1, 5, 100, '2019-02-05 15:04:49'),
(4, 1, 4, 100, '2019-02-05 15:04:49'),
(3, 1, 3, 100, '2019-02-05 15:04:49'),
(2, 1, 2, 100, '2019-02-05 15:04:49'),
(1, 1, 1, 100, '2019-02-05 10:07:16'),
(16, 2, 2, 1000, '2019-02-05 15:04:49'),
(17, 2, 3, 1000, '2019-02-05 15:04:49'),
(18, 2, 4, 1000, '2019-02-05 15:06:51'),
(19, 2, 5, 1000, '2019-02-05 15:21:22'),
(20, 2, 6, 1000, '2019-02-05 15:22:31'),
(21, 2, 7, 1000, '2019-02-05 15:22:31'),
(22, 2, 8, 1000, '2019-02-05 15:54:55'),
(23, 2, 9, 1000, '2019-02-05 15:54:55'),
(24, 2, 10, 1000, '2019-02-05 15:54:55'),
(25, 2, 11, 1000, '2019-02-05 15:54:55'),
(26, 2, 12, 1000, '2019-02-05 15:54:55'),
(27, 2, 13, 1000, '2019-02-05 15:54:55'),
(28, 2, 14, 1000, '2019-02-05 15:54:55'),
(29, 3, 1, 1000, '2019-02-05 15:57:14'),
(30, 3, 2, 1000, '2019-02-05 15:57:14'),
(31, 3, 3, 1000, '2019-02-05 15:57:14'),
(32, 3, 4, 1000, '2019-02-05 15:57:14'),
(33, 3, 5, 1000, '2019-02-05 15:57:14'),
(34, 3, 6, 1000, '2019-02-05 15:57:14'),
(35, 3, 7, 1000, '2019-02-05 15:57:14'),
(36, 3, 8, 1000, '2019-02-05 15:57:14'),
(37, 3, 9, 1000, '2019-02-05 15:57:14'),
(38, 3, 10, 1000, '2019-02-05 15:57:14'),
(39, 3, 11, 1000, '2019-02-05 15:57:14'),
(40, 3, 12, 1000, '2019-02-05 15:57:14'),
(41, 3, 13, 1000, '2019-02-05 15:57:14'),
(42, 3, 14, 1000, '2019-02-05 15:57:14'),
(43, 4, 1, 100, '2019-02-05 16:29:37'),
(44, 4, 2, 100, '2019-02-05 16:29:37'),
(45, 4, 3, 100, '2019-02-05 16:29:37'),
(46, 4, 4, 100, '2019-02-05 16:29:37'),
(47, 4, 5, 100, '2019-02-05 16:29:37'),
(48, 4, 6, 100, '2019-02-05 16:29:37'),
(49, 4, 7, 100, '2019-02-05 16:29:37'),
(50, 4, 8, 100, '2019-02-05 16:29:37'),
(51, 4, 9, 100, '2019-02-05 16:29:37'),
(52, 4, 10, 100, '2019-02-05 16:29:37'),
(53, 4, 11, 100, '2019-02-05 16:29:37'),
(54, 4, 12, 100, '2019-02-05 16:29:37'),
(55, 4, 13, 100, '2019-02-05 16:29:37'),
(56, 4, 14, 100, '2019-02-05 16:29:37'),
(57, 5, 1, 1000, '2019-02-05 16:29:37'),
(58, 5, 2, 1000, '2019-02-05 16:29:37'),
(59, 5, 3, 1000, '2019-02-05 16:29:37'),
(60, 5, 4, 1000, '2019-02-05 16:29:37'),
(61, 5, 5, 1000, '2019-02-05 16:29:37'),
(62, 5, 6, 1000, '2019-02-05 16:29:37'),
(63, 5, 7, 1000, '2019-02-05 16:29:37'),
(64, 5, 8, 1000, '2019-02-05 16:29:37'),
(65, 5, 9, 1000, '2019-02-05 16:33:08'),
(66, 5, 10, 1000, '2019-02-05 16:33:08'),
(67, 5, 11, 1000, '2019-02-05 16:33:08'),
(68, 5, 12, 1000, '2019-02-05 16:33:08'),
(69, 5, 13, 1000, '2019-02-05 16:33:08'),
(70, 5, 14, 1000, '2019-02-05 16:33:08'),
(71, 6, 1, 1000, '2019-02-05 16:33:08'),
(72, 6, 2, 1000, '2019-02-05 16:33:08'),
(73, 6, 3, 1000, '2019-02-05 16:33:08'),
(74, 6, 4, 1000, '2019-02-05 16:33:08'),
(75, 6, 5, 1000, '2019-02-05 16:33:08'),
(76, 6, 6, 1000, '2019-02-05 16:33:08'),
(77, 6, 7, 1000, '2019-02-05 16:33:08'),
(78, 6, 8, 1000, '2019-02-05 16:33:08'),
(79, 6, 9, 1000, '2019-02-05 16:33:08'),
(80, 6, 10, 1000, '2019-02-05 16:33:08'),
(81, 6, 11, 1000, '2019-02-05 16:33:08'),
(82, 6, 12, 1000, '2019-02-05 16:33:08'),
(83, 6, 13, 1000, '2019-02-05 16:33:08'),
(84, 6, 14, 1000, '2019-02-05 16:33:08'),
(85, 7, 1, 100, '2019-02-05 16:33:08'),
(86, 7, 2, 100, '2019-02-05 16:33:08'),
(87, 7, 3, 100, '2019-02-05 16:33:08'),
(88, 7, 4, 100, '2019-02-05 16:33:08'),
(89, 7, 5, 100, '2019-02-05 16:33:08'),
(90, 7, 6, 100, '2019-02-05 16:33:08'),
(91, 7, 7, 100, '2019-02-05 16:33:08'),
(92, 7, 8, 100, '2019-02-05 16:33:08'),
(93, 7, 9, 100, '2019-02-05 16:41:54'),
(94, 7, 10, 100, '2019-02-05 16:41:54'),
(95, 7, 11, 100, '2019-02-05 16:43:41'),
(96, 7, 12, 100, '2019-02-05 16:43:41'),
(97, 7, 13, 100, '2019-02-05 16:43:41'),
(98, 7, 14, 100, '2019-02-05 16:43:41'),
(99, 8, 1, 1000, '2019-02-05 16:43:41'),
(100, 8, 2, 1000, '2019-02-05 16:43:41'),
(101, 8, 3, 1000, '2019-02-05 16:43:41'),
(102, 8, 4, 1000, '2019-02-05 16:43:41'),
(103, 8, 5, 1000, '2019-02-05 16:43:41'),
(104, 8, 6, 1000, '2019-02-05 16:43:41'),
(105, 8, 7, 1000, '2019-02-05 16:43:41'),
(106, 8, 8, 1000, '2019-02-05 16:43:41'),
(107, 8, 9, 1000, '2019-02-05 16:43:41'),
(108, 8, 10, 1000, '2019-02-05 16:43:41'),
(109, 8, 11, 1000, '2019-02-05 16:43:41'),
(110, 8, 12, 1000, '2019-02-05 16:43:41'),
(111, 8, 13, 1000, '2019-02-05 16:43:41'),
(112, 8, 14, 1000, '2019-02-05 16:43:41'),
(113, 9, 1, 1000, '2019-02-05 16:44:49'),
(114, 9, 2, 1000, '2019-02-05 16:44:49'),
(116, 9, 4, 1000, '2019-02-05 16:46:14'),
(115, 9, 3, 1000, '2019-02-05 16:46:14'),
(117, 9, 5, 1000, '2019-02-05 16:49:36'),
(118, 9, 6, 1000, '2019-02-05 16:49:36'),
(119, 9, 7, 1000, '2019-02-05 16:49:36'),
(120, 9, 8, 1000, '2019-02-05 16:49:36'),
(121, 9, 9, 1000, '2019-02-05 16:49:36'),
(122, 9, 10, 1000, '2019-02-05 16:49:36'),
(123, 9, 11, 1000, '2019-02-05 16:49:36'),
(124, 9, 12, 1000, '2019-02-05 16:49:36'),
(125, 9, 13, 1000, '2019-02-05 16:49:36'),
(126, 9, 14, 1000, '2019-02-05 16:49:36'),
(127, 10, 1, 100, '2019-02-05 16:49:36'),
(128, 10, 2, 100, '2019-02-05 16:49:36'),
(129, 10, 3, 100, '2019-02-05 16:49:36'),
(130, 10, 4, 100, '2019-02-05 16:49:36'),
(131, 10, 5, 100, '2019-02-05 16:49:36'),
(132, 10, 6, 100, '2019-02-05 16:49:36'),
(164, 11, 8, 1000, '2019-02-05 16:53:40'),
(163, 11, 7, 1000, '2019-02-05 16:53:40'),
(162, 11, 6, 1000, '2019-02-05 16:53:40'),
(161, 11, 5, 1000, '2019-02-05 16:53:40'),
(160, 11, 4, 1000, '2019-02-05 16:53:40'),
(159, 11, 3, 1000, '2019-02-05 16:53:40'),
(158, 11, 2, 1000, '2019-02-05 16:53:40'),
(157, 11, 1, 1000, '2019-02-05 16:53:40'),
(156, 10, 14, 100, '2019-02-05 16:53:40'),
(155, 10, 13, 100, '2019-02-05 16:53:40'),
(154, 10, 12, 100, '2019-02-05 16:53:40'),
(153, 10, 11, 100, '2019-02-05 16:53:40'),
(152, 10, 10, 100, '2019-02-05 16:53:40'),
(151, 10, 9, 100, '2019-02-05 16:53:40'),
(150, 10, 8, 100, '2019-02-05 16:53:40'),
(149, 10, 7, 100, '2019-02-05 16:53:40'),
(165, 11, 9, 1000, '2019-02-05 16:53:40'),
(166, 11, 10, 1000, '2019-02-05 16:53:40'),
(167, 11, 11, 1000, '2019-02-05 16:53:40'),
(168, 11, 12, 1000, '2019-02-05 16:53:40'),
(169, 11, 13, 1000, '2019-02-05 16:53:40'),
(170, 11, 14, 1000, '2019-02-05 16:53:40'),
(171, 12, 1, 1000, '2019-02-05 16:57:08'),
(172, 12, 2, 1000, '2019-02-05 16:57:08'),
(173, 12, 3, 1000, '2019-02-05 16:57:08'),
(174, 12, 4, 1000, '2019-02-05 16:57:08'),
(175, 12, 5, 1000, '2019-02-05 16:57:08'),
(176, 12, 6, 1000, '2019-02-05 16:57:08'),
(177, 12, 7, 1000, '2019-02-05 16:57:08'),
(178, 12, 8, 1000, '2019-02-05 16:57:08'),
(179, 12, 9, 1000, '2019-02-05 16:57:08'),
(180, 12, 13, 1000, '2019-02-05 16:57:08'),
(181, 12, 14, 1000, '2019-02-05 16:57:08'),
(182, 13, 1, 100, '2019-02-05 16:57:08'),
(183, 13, 2, 100, '2019-02-05 16:57:08'),
(184, 13, 3, 100, '2019-02-05 16:57:08'),
(185, 13, 4, 100, '2019-02-05 16:57:08'),
(186, 13, 5, 100, '2019-02-05 16:57:08'),
(187, 13, 6, 100, '2019-02-05 16:57:08'),
(188, 13, 7, 100, '2019-02-05 16:57:08'),
(189, 13, 8, 100, '2019-02-05 16:57:08'),
(190, 13, 9, 100, '2019-02-05 16:57:08'),
(191, 13, 10, 100, '2019-02-05 16:57:08'),
(192, 13, 11, 100, '2019-02-05 16:57:08'),
(193, 13, 12, 100, '2019-02-05 16:57:08'),
(194, 13, 13, 100, '2019-02-05 16:57:08'),
(195, 13, 14, 100, '2019-02-05 16:57:08'),
(196, 14, 1, 10000, '2019-02-05 16:57:08'),
(197, 14, 2, 10000, '2019-02-05 16:57:08'),
(198, 14, 3, 10000, '2019-02-05 16:57:08'),
(199, 14, 4, 10000, '2019-02-05 16:57:08'),
(200, 14, 5, 10000, '2019-02-05 17:03:11'),
(201, 14, 6, 10000, '2019-02-05 17:03:11'),
(202, 14, 7, 10000, '2019-02-05 17:03:11'),
(203, 14, 8, 10000, '2019-02-05 17:03:11'),
(204, 14, 9, 10000, '2019-02-05 17:03:11'),
(205, 14, 10, 10000, '2019-02-05 17:03:11'),
(206, 14, 11, 10000, '2019-02-05 17:03:11'),
(207, 14, 12, 10000, '2019-02-05 17:03:11'),
(208, 14, 13, 10000, '2019-02-05 17:03:11'),
(209, 14, 14, 10000, '2019-02-05 17:03:11'),
(210, 15, 1, 500, '2019-02-05 17:03:11'),
(211, 15, 2, 500, '2019-02-05 17:03:11'),
(212, 15, 3, 500, '2019-02-05 17:03:11'),
(213, 15, 4, 500, '2019-02-05 17:03:11'),
(214, 15, 5, 500, '2019-02-05 17:03:11'),
(215, 15, 6, 500, '2019-02-05 17:03:11'),
(216, 15, 7, 500, '2019-02-05 17:03:11'),
(217, 15, 8, 500, '2019-02-05 17:03:11'),
(218, 15, 9, 500, '2019-02-05 17:03:11'),
(219, 15, 10, 500, '2019-02-05 17:03:11'),
(220, 15, 11, 500, '2019-02-05 17:03:11'),
(221, 15, 12, 500, '2019-02-05 17:03:11'),
(222, 15, 13, 500, '2019-02-05 17:03:11'),
(223, 15, 14, 500, '2019-02-05 17:03:11'),
(224, 16, 1, 500, '2019-02-05 17:10:29'),
(225, 16, 2, 500, '2019-02-05 17:10:29'),
(226, 16, 3, 500, '2019-02-05 17:10:29'),
(227, 16, 4, 500, '2019-02-05 17:10:29'),
(228, 16, 5, 500, '2019-02-05 17:10:29'),
(229, 16, 6, 500, '2019-02-05 17:10:29'),
(230, 16, 7, 500, '2019-02-05 17:10:29'),
(231, 16, 8, 500, '2019-02-05 17:10:29'),
(232, 16, 9, 500, '2019-02-05 17:10:29'),
(233, 16, 10, 500, '2019-02-05 17:10:29'),
(234, 16, 11, 500, '2019-02-05 17:10:29'),
(235, 16, 12, 500, '2019-02-05 17:10:29'),
(236, 16, 13, 500, '2019-02-05 17:10:29'),
(237, 16, 14, 500, '2019-02-05 17:10:29'),
(239, 17, 1, 10000, '2019-02-05 17:11:58'),
(240, 17, 2, 10000, '2019-02-05 17:13:58'),
(241, 17, 3, 10000, '2019-02-05 17:13:58'),
(242, 17, 4, 10000, '2019-02-05 17:13:58'),
(243, 17, 5, 10000, '2019-02-05 17:13:58'),
(244, 17, 6, 10000, '2019-02-05 17:13:58'),
(245, 17, 7, 10000, '2019-02-05 17:13:58'),
(246, 17, 8, 10000, '2019-02-05 17:13:58'),
(247, 17, 9, 10000, '2019-02-05 17:13:58'),
(248, 17, 10, 10000, '2019-02-05 17:13:58'),
(249, 17, 11, 10000, '2019-02-05 17:13:58'),
(250, 17, 12, 10000, '2019-02-05 17:13:58'),
(251, 17, 13, 10000, '2019-02-05 17:13:58'),
(252, 17, 14, 10000, '2019-02-05 17:13:58'),
(253, 18, 1, 20, '2019-02-05 17:15:04'),
(254, 18, 2, 20, '2019-02-05 17:18:10'),
(255, 18, 3, 20, '2019-02-05 17:18:10'),
(256, 18, 4, 20, '2019-02-05 17:18:10'),
(257, 18, 5, 20, '2019-02-05 17:18:10'),
(258, 18, 6, 20, '2019-02-05 17:18:10'),
(259, 18, 7, 20, '2019-02-05 17:18:10'),
(260, 18, 8, 20, '2019-02-05 17:18:10'),
(261, 18, 9, 20, '2019-02-05 17:18:10'),
(262, 18, 10, 20, '2019-02-05 17:18:10'),
(263, 18, 11, 20, '2019-02-05 17:18:10'),
(264, 18, 12, 20, '2019-02-05 17:18:10'),
(265, 18, 13, 20, '2019-02-05 17:18:10'),
(266, 18, 14, 20, '2019-02-05 17:18:10'),
(267, 19, 1, 10000, '2019-02-05 17:18:10'),
(268, 19, 2, 10000, '2019-02-05 17:18:10'),
(269, 19, 3, 10000, '2019-02-05 17:18:10'),
(270, 19, 4, 10000, '2019-02-05 17:18:10'),
(271, 19, 5, 10000, '2019-02-05 17:18:10'),
(272, 19, 6, 10000, '2019-02-05 17:18:10'),
(273, 19, 7, 10000, '2019-02-05 17:18:10'),
(274, 19, 8, 10000, '2019-02-05 17:18:10'),
(275, 19, 9, 10000, '2019-02-05 17:18:10'),
(276, 19, 10, 10000, '2019-02-05 17:18:10'),
(277, 19, 11, 10000, '2019-02-05 17:18:10'),
(278, 19, 12, 10000, '2019-02-05 17:18:10'),
(279, 19, 13, 10000, '2019-02-05 17:18:10'),
(280, 19, 14, 10000, '2019-02-05 17:18:10'),
(281, 20, 1, 10000, '2019-02-05 17:32:30'),
(282, 20, 2, 10000, '2019-02-05 17:32:30'),
(283, 20, 3, 10000, '2019-02-05 17:32:30'),
(284, 20, 4, 10000, '2019-02-05 17:32:30'),
(285, 20, 5, 10000, '2019-02-05 17:32:30'),
(286, 20, 6, 10000, '2019-02-05 17:32:30'),
(287, 20, 7, 10000, '2019-02-05 17:32:30'),
(288, 20, 8, 10000, '2019-02-05 17:32:30'),
(289, 20, 9, 10000, '2019-02-05 17:32:30'),
(290, 20, 10, 10000, '2019-02-05 17:32:30'),
(291, 20, 11, 10000, '2019-02-05 17:32:30'),
(292, 20, 12, 10000, '2019-02-05 17:32:30'),
(293, 20, 13, 10000, '2019-02-05 17:32:30'),
(294, 20, 14, 10000, '2019-02-05 17:32:30'),
(295, 21, 1, 10000, '2019-02-05 17:32:30'),
(296, 21, 2, 10000, '2019-02-05 17:32:30'),
(297, 21, 3, 10000, '2019-02-05 17:32:30'),
(298, 21, 4, 10000, '2019-02-05 17:32:30'),
(299, 21, 5, 10000, '2019-02-05 17:32:30'),
(300, 21, 6, 10000, '2019-02-05 17:32:30'),
(301, 21, 7, 10000, '2019-02-05 17:32:30'),
(302, 21, 8, 10000, '2019-02-05 17:32:30'),
(303, 21, 9, 10000, '2019-02-05 17:32:30'),
(304, 21, 10, 10000, '2019-02-05 17:32:30'),
(305, 21, 11, 10000, '2019-02-05 17:32:30'),
(306, 21, 12, 10000, '2019-02-05 17:32:30'),
(307, 21, 13, 10000, '2019-02-05 17:32:30'),
(308, 21, 14, 10000, '2019-02-05 17:32:30'),
(309, 22, 1, 10, '2019-02-05 17:32:30'),
(310, 22, 2, 10, '2019-02-05 17:32:30'),
(311, 22, 3, 10, '2019-02-05 17:32:30'),
(312, 22, 4, 10, '2019-02-05 17:32:30'),
(313, 22, 5, 10, '2019-02-05 17:32:30'),
(314, 22, 6, 10, '2019-02-05 17:32:30'),
(315, 22, 7, 10, '2019-02-05 17:32:30'),
(316, 22, 8, 10, '2019-02-05 17:32:30'),
(317, 22, 9, 10, '2019-02-05 17:32:30'),
(318, 22, 10, 10, '2019-02-05 17:32:30'),
(319, 22, 11, 10, '2019-02-05 17:32:30'),
(320, 22, 12, 10, '2019-02-05 17:32:30'),
(321, 22, 13, 10, '2019-02-05 17:32:30'),
(322, 22, 14, 10, '2019-02-05 17:32:30'),
(323, 23, 1, 15, '2019-02-05 17:32:30'),
(324, 23, 2, 15, '2019-02-05 17:32:30'),
(325, 23, 3, 15, '2019-02-05 17:32:30'),
(326, 23, 4, 15, '2019-02-05 17:32:30'),
(327, 23, 5, 15, '2019-02-05 17:32:30'),
(328, 23, 6, 15, '2019-02-05 17:32:30'),
(329, 23, 7, 15, '2019-02-05 17:32:30'),
(330, 23, 8, 15, '2019-02-05 17:32:30'),
(331, 23, 9, 15, '2019-02-05 17:32:30'),
(332, 23, 10, 15, '2019-02-05 17:32:30'),
(333, 23, 11, 15, '2019-02-05 17:32:30'),
(334, 23, 12, 15, '2019-02-05 17:32:30'),
(335, 23, 13, 15, '2019-02-05 17:32:30'),
(336, 23, 14, 15, '2019-02-05 17:32:30'),
(337, 24, 1, 15, '2019-02-05 17:32:30'),
(338, 24, 2, 15, '2019-02-05 17:32:30'),
(339, 24, 3, 15, '2019-02-05 17:32:30'),
(340, 24, 4, 15, '2019-02-05 17:32:30'),
(341, 24, 5, 15, '2019-02-05 17:32:30'),
(342, 24, 6, 15, '2019-02-05 17:32:30'),
(343, 24, 7, 15, '2019-02-05 17:32:30'),
(344, 24, 8, 15, '2019-02-05 17:32:30'),
(345, 24, 9, 15, '2019-02-05 17:32:30'),
(346, 24, 10, 15, '2019-02-05 17:32:30'),
(347, 24, 11, 15, '2019-02-05 17:32:30'),
(348, 24, 12, 15, '2019-02-05 17:32:30'),
(349, 24, 13, 15, '2019-02-05 17:32:30'),
(350, 24, 14, 15, '2019-02-05 17:32:30'),
(351, 25, 1, 1500, '2019-02-05 17:32:30'),
(352, 25, 2, 1500, '2019-02-05 17:32:30'),
(353, 25, 3, 1500, '2019-02-05 17:32:30'),
(354, 25, 4, 1500, '2019-02-05 17:32:30'),
(355, 25, 5, 1500, '2019-02-05 17:32:30'),
(356, 25, 6, 1500, '2019-02-05 17:32:30'),
(357, 25, 7, 1500, '2019-02-05 17:32:30'),
(358, 25, 8, 1500, '2019-02-05 17:32:30'),
(359, 25, 9, 1500, '2019-02-05 17:32:30'),
(360, 25, 10, 1500, '2019-02-05 17:32:30'),
(361, 25, 11, 1500, '2019-02-05 17:32:30'),
(362, 25, 12, 1500, '2019-02-05 17:32:30'),
(363, 25, 13, 1500, '2019-02-05 17:32:30'),
(364, 25, 14, 1500, '2019-02-05 17:32:30'),
(365, 26, 1, 20, '2019-02-05 17:32:30'),
(366, 26, 2, 20, '2019-02-05 17:32:30'),
(367, 26, 3, 20, '2019-02-05 17:32:30'),
(368, 26, 4, 20, '2019-02-05 17:32:30'),
(369, 26, 5, 20, '2019-02-05 17:32:30'),
(370, 26, 6, 20, '2019-02-05 17:32:30'),
(371, 26, 7, 20, '2019-02-05 17:32:30'),
(372, 26, 8, 20, '2019-02-05 17:32:30'),
(373, 26, 9, 20, '2019-02-05 17:32:30'),
(374, 26, 10, 20, '2019-02-05 17:32:30'),
(375, 26, 11, 20, '2019-02-05 17:32:30'),
(376, 26, 12, 20, '2019-02-05 17:32:30'),
(377, 26, 13, 20, '2019-02-05 17:32:30'),
(378, 26, 14, 20, '2019-02-05 17:32:30'),
(379, 27, 1, 1000, '2019-02-05 17:32:30'),
(380, 27, 2, 1000, '2019-02-05 17:32:30'),
(381, 27, 3, 1000, '2019-02-05 17:32:30'),
(382, 27, 4, 1000, '2019-02-05 17:32:30'),
(383, 27, 5, 1000, '2019-02-05 17:32:30'),
(384, 27, 6, 1000, '2019-02-05 17:32:30'),
(385, 27, 7, 1000, '2019-02-05 17:32:30'),
(386, 27, 8, 1000, '2019-02-05 17:32:30'),
(387, 27, 9, 1000, '2019-02-05 17:32:30'),
(388, 27, 10, 1000, '2019-02-05 17:32:30'),
(389, 27, 11, 1000, '2019-02-05 17:32:30'),
(390, 27, 12, 1000, '2019-02-05 17:32:30'),
(391, 27, 13, 1000, '2019-02-05 17:32:30'),
(392, 27, 14, 1000, '2019-02-05 17:32:30'),
(393, 28, 1, 20, '2019-02-05 17:44:22'),
(394, 28, 2, 20, '2019-02-05 17:44:22'),
(395, 28, 3, 20, '2019-02-05 17:44:22'),
(396, 28, 4, 20, '2019-02-05 17:44:22'),
(397, 28, 5, 20, '2019-02-05 17:44:22'),
(398, 28, 7, 20, '2019-02-05 17:44:22'),
(399, 28, 8, 20, '2019-02-05 17:44:22'),
(400, 28, 9, 20, '2019-02-05 17:44:22'),
(401, 28, 10, 20, '2019-02-05 17:44:22'),
(402, 28, 11, 20, '2019-02-05 17:44:22'),
(403, 28, 12, 20, '2019-02-05 17:44:22'),
(404, 28, 13, 20, '2019-02-05 17:44:22'),
(405, 28, 14, 20, '2019-02-05 17:44:22'),
(406, 29, 1, 20, '2019-02-05 17:44:22'),
(407, 29, 2, 20, '2019-02-05 17:44:22'),
(408, 29, 3, 20, '2019-02-05 17:44:22'),
(409, 29, 4, 20, '2019-02-05 17:44:22'),
(410, 29, 5, 20, '2019-02-05 17:44:22'),
(411, 29, 6, 20, '2019-02-05 17:44:22'),
(412, 29, 7, 20, '2019-02-05 17:44:22'),
(413, 29, 8, 20, '2019-02-05 17:44:22'),
(414, 29, 9, 20, '2019-02-05 17:44:22'),
(415, 29, 10, 20, '2019-02-05 17:44:22'),
(416, 29, 11, 20, '2019-02-05 17:44:22'),
(417, 29, 12, 20, '2019-02-05 17:44:22'),
(418, 29, 13, 20, '2019-02-05 17:44:22'),
(419, 29, 14, 20, '2019-02-05 17:44:22'),
(420, 30, 1, 10000, '2019-02-05 17:44:22'),
(421, 30, 2, 10000, '2019-02-05 17:44:22'),
(422, 30, 3, 10000, '2019-02-05 17:44:22'),
(423, 30, 4, 10000, '2019-02-05 17:44:22'),
(424, 30, 5, 10000, '2019-02-05 17:44:22'),
(425, 30, 6, 10000, '2019-02-05 17:44:22'),
(426, 30, 7, 10000, '2019-02-05 17:44:22'),
(427, 30, 8, 10000, '2019-02-05 17:44:22'),
(428, 30, 9, 10000, '2019-02-05 17:44:22'),
(429, 30, 10, 10000, '2019-02-05 17:44:22'),
(430, 30, 11, 10000, '2019-02-05 17:44:22'),
(431, 30, 12, 10000, '2019-02-05 17:44:22'),
(432, 30, 13, 10000, '2019-02-05 17:44:22'),
(433, 30, 14, 10000, '2019-02-05 17:44:22'),
(434, 31, 1, 1000, '2019-02-05 17:44:22'),
(435, 31, 2, 1000, '2019-02-05 17:44:22'),
(436, 31, 3, 1000, '2019-02-05 17:44:22'),
(437, 31, 4, 1000, '2019-02-05 17:44:22'),
(438, 31, 5, 1000, '2019-02-05 17:44:22'),
(439, 31, 6, 1000, '2019-02-05 17:44:22'),
(440, 31, 7, 1000, '2019-02-05 17:44:22'),
(441, 31, 8, 1000, '2019-02-05 17:44:22'),
(442, 31, 9, 1000, '2019-02-05 17:44:22'),
(443, 31, 10, 1000, '2019-02-05 17:44:22'),
(444, 31, 11, 1000, '2019-02-05 17:44:22'),
(445, 31, 12, 1000, '2019-02-05 17:44:22'),
(446, 31, 13, 1000, '2019-02-05 17:44:22'),
(447, 31, 14, 1000, '2019-02-05 17:44:22'),
(448, 32, 1, 1000, '2019-02-05 17:44:22'),
(449, 32, 2, 1000, '2019-02-05 17:44:22'),
(450, 32, 3, 1000, '2019-02-05 17:44:22'),
(451, 32, 4, 1000, '2019-02-05 17:44:22'),
(452, 32, 5, 1000, '2019-02-05 17:44:22'),
(453, 32, 6, 1000, '2019-02-05 17:44:22'),
(454, 32, 7, 1000, '2019-02-05 17:44:22'),
(455, 32, 8, 1000, '2019-02-05 17:44:22'),
(456, 32, 9, 1000, '2019-02-05 17:44:22'),
(457, 32, 10, 1000, '2019-02-05 17:44:22'),
(458, 32, 11, 1000, '2019-02-05 17:44:22'),
(459, 32, 12, 1000, '2019-02-05 17:44:22'),
(460, 32, 13, 1000, '2019-02-05 17:44:22'),
(461, 32, 14, 1000, '2019-02-05 17:44:22'),
(462, 33, 1, 1000, '2019-02-05 17:44:22'),
(463, 33, 2, 1000, '2019-02-05 17:44:22'),
(464, 33, 3, 1000, '2019-02-05 17:44:22'),
(465, 33, 4, 1000, '2019-02-05 17:44:22'),
(466, 33, 5, 1000, '2019-02-05 17:44:22'),
(467, 33, 6, 1000, '2019-02-05 17:44:22'),
(468, 33, 7, 1000, '2019-02-05 17:44:22'),
(469, 33, 8, 1000, '2019-02-05 17:44:22'),
(470, 33, 9, 1000, '2019-02-05 17:44:22'),
(471, 33, 10, 1000, '2019-02-05 17:44:22'),
(472, 33, 11, 1000, '2019-02-05 17:44:22'),
(473, 33, 12, 1000, '2019-02-05 17:44:22'),
(474, 33, 13, 1000, '2019-02-05 17:44:22'),
(475, 33, 14, 1000, '2019-02-05 17:44:22'),
(476, 34, 1, 1000, '2019-02-05 17:44:22'),
(477, 34, 2, 1000, '2019-02-05 17:44:22'),
(478, 34, 3, 1000, '2019-02-05 17:44:22'),
(479, 34, 4, 1000, '2019-02-05 17:44:22'),
(480, 34, 5, 1000, '2019-02-05 17:44:22'),
(481, 34, 6, 1000, '2019-02-05 17:44:22'),
(482, 34, 7, 1000, '2019-02-05 17:44:22'),
(483, 34, 8, 1000, '2019-02-05 17:44:22'),
(484, 34, 9, 1000, '2019-02-05 17:44:22'),
(485, 34, 10, 1000, '2019-02-05 17:44:22'),
(486, 34, 11, 1000, '2019-02-05 17:44:22'),
(487, 34, 12, 1000, '2019-02-05 17:44:22'),
(488, 34, 13, 1000, '2019-02-05 17:44:22'),
(489, 34, 14, 1000, '2019-02-05 17:44:22'),
(490, 35, 1, 1000, '2019-02-05 17:44:22'),
(491, 35, 2, 1000, '2019-02-05 17:44:22'),
(492, 35, 3, 1000, '2019-02-05 17:44:22'),
(493, 35, 4, 1000, '2019-02-05 17:44:22'),
(494, 35, 5, 1000, '2019-02-05 17:44:22'),
(495, 35, 6, 1000, '2019-02-05 17:44:22'),
(496, 35, 7, 1000, '2019-02-05 17:44:22'),
(497, 35, 8, 1000, '2019-02-05 17:44:22'),
(498, 35, 9, 1000, '2019-02-05 17:44:22'),
(499, 35, 10, 1000, '2019-02-05 17:44:22'),
(500, 35, 11, 1000, '2019-02-05 17:44:22'),
(501, 35, 12, 1000, '2019-02-05 17:44:22'),
(502, 35, 13, 1000, '2019-02-05 17:44:22'),
(503, 35, 14, 1000, '2019-02-05 17:44:22'),
(504, 36, 1, 1000, '2019-02-05 17:44:22'),
(505, 36, 2, 1000, '2019-02-05 17:44:22'),
(506, 36, 3, 1000, '2019-02-05 17:44:22'),
(507, 36, 4, 1000, '2019-02-05 17:44:22'),
(508, 36, 5, 1000, '2019-02-05 17:44:22'),
(509, 36, 6, 1000, '2019-02-05 17:44:22'),
(510, 36, 7, 1000, '2019-02-05 17:44:22'),
(511, 36, 8, 1000, '2019-02-05 17:44:22'),
(512, 36, 9, 1000, '2019-02-05 17:44:22'),
(513, 36, 10, 1000, '2019-02-05 17:44:22'),
(514, 36, 11, 1000, '2019-02-05 17:44:22'),
(515, 36, 12, 1000, '2019-02-05 17:44:22'),
(516, 36, 13, 1000, '2019-02-05 17:44:22'),
(517, 36, 14, 1000, '2019-02-05 17:44:22'),
(518, 37, 1, 2000, '2019-02-05 18:04:00'),
(519, 37, 2, 2000, '2019-02-05 18:04:00'),
(520, 37, 3, 2000, '2019-02-05 18:04:00'),
(521, 37, 4, 2000, '2019-02-05 18:04:00'),
(522, 37, 5, 2000, '2019-02-05 18:04:00'),
(523, 37, 6, 2000, '2019-02-05 18:04:00'),
(524, 37, 7, 2000, '2019-02-05 18:04:00'),
(525, 37, 8, 2000, '2019-02-05 18:04:00'),
(526, 37, 9, 2000, '2019-02-05 18:04:00'),
(527, 37, 10, 2000, '2019-02-05 18:04:00'),
(528, 37, 11, 2000, '2019-02-05 18:04:00'),
(529, 37, 12, 2000, '2019-02-05 18:04:00'),
(530, 37, 13, 2000, '2019-02-05 18:04:00'),
(531, 37, 14, 2000, '2019-02-05 18:04:00'),
(532, 38, 1, 50, '2019-02-05 18:04:00'),
(533, 38, 2, 50, '2019-02-05 18:04:00'),
(534, 38, 3, 50, '2019-02-05 18:04:00'),
(535, 38, 4, 50, '2019-02-05 18:04:00'),
(536, 38, 5, 50, '2019-02-05 18:04:00'),
(537, 38, 6, 50, '2019-02-05 18:04:00'),
(538, 38, 7, 50, '2019-02-05 18:04:00'),
(539, 38, 8, 50, '2019-02-05 18:04:00'),
(540, 38, 9, 50, '2019-02-05 18:04:00'),
(541, 38, 10, 50, '2019-02-05 18:04:00'),
(542, 38, 11, 50, '2019-02-05 18:04:00'),
(543, 38, 12, 50, '2019-02-05 18:04:00'),
(544, 38, 13, 50, '2019-02-05 18:04:00'),
(545, 38, 14, 50, '2019-02-05 18:04:00'),
(546, 39, 1, 1000, '2019-02-05 18:04:00'),
(547, 39, 2, 1000, '2019-02-05 18:04:00'),
(548, 39, 3, 1000, '2019-02-05 18:04:00'),
(549, 39, 4, 1000, '2019-02-05 18:04:00'),
(550, 39, 5, 1000, '2019-02-05 18:04:00'),
(551, 39, 6, 1000, '2019-02-05 18:04:00'),
(552, 39, 7, 1000, '2019-02-05 18:04:00'),
(553, 39, 8, 1000, '2019-02-05 18:04:00'),
(554, 39, 9, 1000, '2019-02-05 18:04:00'),
(555, 39, 10, 1000, '2019-02-05 18:04:00'),
(556, 39, 11, 1000, '2019-02-05 18:04:00'),
(557, 39, 12, 1000, '2019-02-05 18:04:00'),
(558, 39, 13, 1000, '2019-02-05 18:04:00'),
(559, 39, 14, 1000, '2019-02-05 18:04:00'),
(560, 40, 1, 1000, '2019-02-05 18:04:00'),
(561, 40, 2, 1000, '2019-02-05 18:04:00'),
(562, 40, 3, 1000, '2019-02-05 18:04:00'),
(563, 40, 4, 1000, '2019-02-05 18:04:00'),
(564, 40, 5, 1000, '2019-02-05 18:04:00'),
(565, 40, 6, 1000, '2019-02-05 18:04:00'),
(566, 40, 7, 1000, '2019-02-05 18:04:00'),
(567, 40, 8, 1000, '2019-02-05 18:04:00'),
(568, 40, 9, 1000, '2019-02-05 18:04:00'),
(569, 40, 10, 1000, '2019-02-05 18:04:00'),
(570, 40, 11, 1000, '2019-02-05 18:04:00'),
(571, 40, 12, 1000, '2019-02-05 18:04:00'),
(572, 40, 13, 1000, '2019-02-05 18:04:00'),
(573, 40, 14, 1000, '2019-02-05 18:04:00'),
(574, 41, 1, 1000, '2019-02-05 18:04:00'),
(575, 41, 2, 1000, '2019-02-05 18:04:00'),
(576, 41, 3, 1000, '2019-02-05 18:04:00'),
(577, 41, 4, 1000, '2019-02-05 18:04:00'),
(578, 41, 5, 1000, '2019-02-05 18:04:00'),
(579, 41, 6, 1000, '2019-02-05 18:04:00'),
(580, 41, 7, 1000, '2019-02-05 18:04:00'),
(581, 41, 8, 1000, '2019-02-05 18:04:00'),
(582, 41, 9, 1000, '2019-02-05 18:04:00'),
(583, 41, 10, 1000, '2019-02-05 18:04:00'),
(584, 41, 11, 1000, '2019-02-05 18:04:00'),
(585, 41, 12, 1000, '2019-02-05 18:04:00'),
(586, 41, 13, 1000, '2019-02-05 18:04:00'),
(587, 41, 14, 1000, '2019-02-05 18:04:00'),
(588, 42, 1, 1000, '2019-02-05 18:04:00'),
(589, 42, 2, 1000, '2019-02-05 18:04:00'),
(590, 42, 3, 1000, '2019-02-05 18:04:00'),
(591, 42, 4, 1000, '2019-02-05 18:04:00'),
(592, 42, 5, 1000, '2019-02-05 18:04:00'),
(593, 42, 6, 1000, '2019-02-05 18:04:00'),
(594, 42, 7, 1000, '2019-02-05 18:04:00'),
(595, 42, 8, 1000, '2019-02-05 18:04:00'),
(596, 42, 9, 1000, '2019-02-05 18:04:00'),
(597, 42, 10, 1000, '2019-02-05 18:04:00'),
(598, 42, 11, 1000, '2019-02-05 18:04:00'),
(599, 42, 12, 1000, '2019-02-05 18:04:00'),
(600, 42, 13, 1000, '2019-02-05 18:04:00'),
(601, 42, 14, 1000, '2019-02-05 18:04:00'),
(602, 43, 1, 10, '2019-02-05 18:04:00'),
(603, 43, 2, 10, '2019-02-05 18:04:00'),
(604, 43, 3, 10, '2019-02-05 18:04:00'),
(605, 43, 4, 10, '2019-02-05 18:04:00'),
(606, 43, 5, 10, '2019-02-05 18:04:00'),
(607, 43, 6, 10, '2019-02-05 18:04:00'),
(608, 43, 7, 10, '2019-02-05 18:04:00'),
(609, 43, 8, 10, '2019-02-05 18:04:00'),
(610, 43, 9, 10, '2019-02-05 18:04:00'),
(611, 43, 10, 10, '2019-02-05 18:04:00'),
(612, 43, 11, 10, '2019-02-05 18:04:00'),
(613, 43, 12, 10, '2019-02-05 18:04:00'),
(614, 43, 13, 10, '2019-02-05 18:04:00'),
(615, 43, 14, 10, '2019-02-05 18:04:00'),
(616, 44, 1, 1000, '2019-02-05 18:04:00'),
(617, 44, 2, 1000, '2019-02-05 18:04:00'),
(618, 44, 3, 1000, '2019-02-05 18:04:00'),
(619, 44, 4, 1000, '2019-02-05 18:04:00'),
(620, 44, 5, 1000, '2019-02-05 18:04:00'),
(621, 44, 6, 1000, '2019-02-05 18:04:00'),
(622, 44, 7, 1000, '2019-02-05 18:04:00'),
(623, 44, 8, 1000, '2019-02-05 18:04:00'),
(624, 44, 9, 1000, '2019-02-05 18:04:00'),
(625, 44, 10, 1000, '2019-02-05 18:04:00'),
(626, 44, 11, 1000, '2019-02-05 18:04:00'),
(627, 44, 12, 1000, '2019-02-05 18:04:00'),
(628, 44, 13, 1000, '2019-02-05 18:04:00'),
(629, 44, 14, 1000, '2019-02-05 18:04:00'),
(630, 45, 1, 100, '2019-02-05 18:04:00'),
(631, 45, 2, 100, '2019-02-05 18:04:00'),
(632, 45, 3, 100, '2019-02-05 18:04:00'),
(633, 45, 4, 100, '2019-02-05 18:04:00'),
(634, 45, 5, 100, '2019-02-05 18:04:00'),
(635, 45, 6, 100, '2019-02-05 18:04:00'),
(636, 45, 7, 100, '2019-02-05 18:04:00'),
(637, 45, 8, 100, '2019-02-05 18:04:00'),
(638, 45, 9, 100, '2019-02-05 18:04:00'),
(639, 45, 10, 100, '2019-02-05 18:04:00'),
(640, 45, 11, 100, '2019-02-05 18:04:00'),
(641, 45, 12, 100, '2019-02-05 18:04:00'),
(642, 45, 13, 100, '2019-02-05 18:04:00'),
(643, 45, 14, 100, '2019-02-05 18:04:00'),
(644, 46, 1, 100, '2019-02-05 18:04:00'),
(645, 46, 2, 100, '2019-02-05 18:04:00'),
(646, 46, 3, 100, '2019-02-05 18:04:00'),
(647, 46, 4, 100, '2019-02-05 18:04:00'),
(648, 46, 5, 100, '2019-02-05 18:04:00'),
(649, 46, 6, 100, '2019-02-05 18:04:00'),
(650, 46, 7, 100, '2019-02-05 18:04:00'),
(651, 46, 8, 100, '2019-02-05 18:04:00'),
(652, 46, 9, 100, '2019-02-05 18:04:00'),
(653, 46, 10, 100, '2019-02-05 18:04:00'),
(654, 46, 11, 100, '2019-02-05 18:04:00'),
(655, 46, 12, 100, '2019-02-05 18:04:00'),
(656, 46, 13, 100, '2019-02-05 18:04:00'),
(657, 46, 14, 100, '2019-02-05 18:04:00'),
(658, 47, 1, 10000, '2019-02-05 18:04:00'),
(659, 47, 2, 10000, '2019-02-05 18:04:00'),
(660, 47, 3, 10000, '2019-02-05 18:04:00'),
(661, 47, 4, 10000, '2019-02-05 18:04:00'),
(662, 47, 5, 10000, '2019-02-05 18:04:00'),
(663, 47, 6, 10000, '2019-02-05 18:04:00'),
(664, 47, 7, 10000, '2019-02-05 18:04:00'),
(665, 47, 8, 10000, '2019-02-05 18:04:00'),
(666, 47, 9, 10000, '2019-02-05 18:04:00'),
(667, 47, 10, 10000, '2019-02-05 18:04:00'),
(668, 47, 11, 10000, '2019-02-05 18:04:00'),
(669, 47, 12, 10000, '2019-02-05 18:04:00'),
(670, 47, 13, 10000, '2019-02-05 18:04:00'),
(671, 47, 14, 10000, '2019-02-05 18:04:00'),
(672, 48, 1, 10000, '2019-02-05 18:04:00'),
(673, 48, 2, 10000, '2019-02-05 18:04:00'),
(674, 48, 3, 10000, '2019-02-05 18:04:00'),
(675, 48, 4, 10000, '2019-02-05 18:04:00'),
(676, 48, 5, 10000, '2019-02-05 18:04:00'),
(677, 48, 6, 10000, '2019-02-05 18:04:00'),
(678, 48, 7, 10000, '2019-02-05 18:04:00'),
(679, 48, 8, 10000, '2019-02-05 18:04:00'),
(680, 48, 9, 10000, '2019-02-05 18:04:00'),
(681, 48, 10, 10000, '2019-02-05 18:04:00'),
(682, 48, 11, 10000, '2019-02-05 18:04:00'),
(683, 48, 12, 10000, '2019-02-05 18:04:00'),
(684, 48, 13, 10000, '2019-02-05 18:04:00'),
(685, 48, 14, 10000, '2019-02-05 18:04:00'),
(686, 49, 1, 10000, '2019-02-05 18:04:00'),
(687, 49, 2, 10000, '2019-02-05 18:04:00'),
(688, 49, 3, 10000, '2019-02-05 18:04:00'),
(689, 49, 4, 10000, '2019-02-05 18:04:00'),
(690, 49, 5, 10000, '2019-02-05 18:04:00'),
(691, 49, 6, 10000, '2019-02-05 18:04:00'),
(692, 49, 7, 10000, '2019-02-05 18:04:00'),
(693, 49, 8, 10000, '2019-02-05 18:04:00'),
(694, 49, 9, 10000, '2019-02-05 18:04:00'),
(695, 49, 10, 10000, '2019-02-05 18:04:00'),
(696, 49, 11, 10000, '2019-02-05 18:04:00'),
(697, 49, 12, 10000, '2019-02-05 18:04:00'),
(698, 49, 13, 10000, '2019-02-05 18:04:00'),
(699, 49, 14, 10000, '2019-02-05 18:04:00'),
(700, 50, 1, 10000, '2019-02-05 18:04:00'),
(701, 50, 2, 10000, '2019-02-05 18:04:00'),
(702, 50, 3, 10000, '2019-02-05 18:04:00'),
(703, 50, 4, 10000, '2019-02-05 18:04:00'),
(704, 50, 5, 10000, '2019-02-05 18:04:00'),
(705, 50, 6, 10000, '2019-02-05 18:04:00'),
(706, 50, 7, 10000, '2019-02-05 18:04:00'),
(707, 50, 8, 10000, '2019-02-05 18:04:00'),
(708, 50, 9, 10000, '2019-02-05 18:04:00'),
(709, 50, 10, 10000, '2019-02-05 18:04:00'),
(710, 50, 11, 10000, '2019-02-05 18:04:00'),
(711, 50, 12, 10000, '2019-02-05 18:04:00'),
(712, 50, 13, 10000, '2019-02-05 18:04:00'),
(713, 50, 14, 10000, '2019-02-05 18:04:00'),
(714, 51, 1, 10000, '2019-02-05 18:22:52'),
(715, 51, 2, 10000, '2019-02-05 18:22:52'),
(716, 51, 3, 10000, '2019-02-05 18:22:52'),
(717, 51, 4, 10000, '2019-02-05 18:22:52'),
(718, 51, 5, 10000, '2019-02-05 18:22:52'),
(719, 51, 6, 10000, '2019-02-05 18:22:52'),
(720, 51, 7, 10000, '2019-02-05 18:22:52'),
(721, 51, 8, 10000, '2019-02-05 18:22:52'),
(722, 51, 9, 10000, '2019-02-05 18:22:52'),
(723, 51, 10, 10000, '2019-02-05 18:22:52'),
(724, 51, 11, 10000, '2019-02-05 18:22:52'),
(725, 51, 12, 10000, '2019-02-05 18:22:52'),
(726, 51, 13, 10000, '2019-02-05 18:22:52'),
(727, 51, 14, 10000, '2019-02-05 18:22:52'),
(728, 52, 1, 10000, '2019-02-05 18:22:52'),
(729, 52, 2, 10000, '2019-02-05 18:22:52'),
(730, 52, 3, 10000, '2019-02-05 18:22:52'),
(731, 52, 4, 10000, '2019-02-05 18:22:52'),
(732, 52, 5, 10000, '2019-02-05 18:22:52'),
(733, 52, 6, 10000, '2019-02-05 18:22:52'),
(734, 52, 7, 10000, '2019-02-05 18:22:52'),
(735, 52, 8, 10000, '2019-02-05 18:22:52'),
(736, 52, 9, 10000, '2019-02-05 18:22:52'),
(737, 52, 10, 10000, '2019-02-05 18:22:52'),
(738, 52, 11, 10000, '2019-02-05 18:22:52'),
(739, 52, 12, 10000, '2019-02-05 18:22:52'),
(740, 52, 13, 10000, '2019-02-05 18:22:52'),
(741, 52, 14, 10000, '2019-02-05 18:22:52'),
(742, 53, 1, 1000, '2019-02-05 18:22:52'),
(743, 53, 2, 1000, '2019-02-05 18:22:52'),
(744, 53, 3, 1000, '2019-02-05 18:22:52'),
(745, 53, 4, 1000, '2019-02-05 18:22:52'),
(746, 53, 5, 1000, '2019-02-05 18:22:52'),
(747, 53, 6, 1000, '2019-02-05 18:22:52'),
(748, 53, 7, 1000, '2019-02-05 18:22:52'),
(749, 53, 8, 1000, '2019-02-05 18:22:52'),
(750, 53, 9, 1000, '2019-02-05 18:22:52'),
(751, 53, 10, 1000, '2019-02-05 18:22:52'),
(752, 53, 11, 1000, '2019-02-05 18:22:52'),
(753, 53, 12, 1000, '2019-02-05 18:22:52'),
(754, 53, 13, 1000, '2019-02-05 18:22:52'),
(755, 53, 14, 1000, '2019-02-05 18:22:52'),
(756, 54, 1, 1000, '2019-02-05 18:22:52'),
(757, 54, 2, 1000, '2019-02-05 18:22:52'),
(758, 54, 3, 1000, '2019-02-05 18:22:52'),
(759, 54, 4, 1000, '2019-02-05 18:22:52'),
(760, 54, 5, 1000, '2019-02-05 18:22:52'),
(761, 54, 6, 1000, '2019-02-05 18:22:52'),
(762, 54, 7, 1000, '2019-02-05 18:22:52'),
(763, 54, 8, 1000, '2019-02-05 18:22:52'),
(764, 54, 9, 1000, '2019-02-05 18:22:52'),
(765, 54, 10, 1000, '2019-02-05 18:22:52'),
(766, 54, 11, 1000, '2019-02-05 18:22:52'),
(767, 54, 12, 1000, '2019-02-05 18:22:52'),
(768, 54, 13, 1000, '2019-02-05 18:22:52'),
(769, 54, 14, 1000, '2019-02-05 18:22:52'),
(770, 55, 1, 1000, '2019-02-05 18:22:52'),
(771, 55, 2, 1000, '2019-02-05 18:22:52'),
(772, 55, 3, 1000, '2019-02-05 18:22:52'),
(773, 55, 4, 1000, '2019-02-05 18:22:52'),
(774, 55, 5, 1000, '2019-02-05 18:22:52'),
(775, 55, 6, 1000, '2019-02-05 18:22:52'),
(776, 55, 7, 1000, '2019-02-05 18:22:52'),
(777, 55, 8, 1000, '2019-02-05 18:22:52'),
(778, 55, 9, 1000, '2019-02-05 18:22:52'),
(779, 55, 10, 1000, '2019-02-05 18:22:52'),
(780, 55, 11, 1000, '2019-02-05 18:22:52'),
(781, 55, 12, 1000, '2019-02-05 18:22:52'),
(782, 55, 13, 1000, '2019-02-05 18:22:52'),
(783, 55, 14, 1000, '2019-02-05 18:22:52'),
(784, 56, 1, 1000, '2019-02-05 18:22:52'),
(785, 56, 2, 1000, '2019-02-05 18:22:52'),
(786, 56, 3, 1000, '2019-02-05 18:22:52'),
(787, 56, 4, 1000, '2019-02-05 18:22:52'),
(788, 56, 5, 1000, '2019-02-05 18:22:52'),
(789, 56, 6, 1000, '2019-02-05 18:22:52'),
(790, 56, 7, 1000, '2019-02-05 18:22:52'),
(791, 56, 8, 1000, '2019-02-05 18:22:52'),
(792, 56, 9, 1000, '2019-02-05 18:22:52'),
(793, 56, 10, 1000, '2019-02-05 18:22:52'),
(794, 56, 11, 1000, '2019-02-05 18:22:52'),
(795, 56, 12, 1000, '2019-02-05 18:22:52'),
(796, 56, 13, 1000, '2019-02-05 18:22:52'),
(797, 56, 14, 1000, '2019-02-05 18:22:52'),
(798, 57, 1, 1000, '2019-02-05 18:22:52'),
(799, 57, 2, 1000, '2019-02-05 18:22:52'),
(800, 57, 3, 1000, '2019-02-05 18:22:52'),
(801, 57, 4, 1000, '2019-02-05 18:22:52'),
(802, 57, 5, 1000, '2019-02-05 18:22:52'),
(803, 57, 6, 1000, '2019-02-05 18:22:52'),
(804, 57, 7, 1000, '2019-02-05 18:22:52'),
(805, 57, 8, 1000, '2019-02-05 18:22:52'),
(806, 57, 9, 1000, '2019-02-05 18:22:52'),
(807, 57, 10, 1000, '2019-02-05 18:22:52'),
(808, 57, 11, 1000, '2019-02-05 18:22:52'),
(809, 57, 12, 1000, '2019-02-05 18:22:52'),
(810, 57, 13, 1000, '2019-02-05 18:22:52'),
(811, 57, 14, 1000, '2019-02-05 18:22:52'),
(812, 58, 1, 1000, '2019-02-05 18:22:52'),
(813, 58, 2, 1000, '2019-02-05 18:22:52'),
(814, 58, 3, 1000, '2019-02-05 18:22:52'),
(815, 58, 4, 1000, '2019-02-05 18:22:52'),
(816, 58, 5, 1000, '2019-02-05 18:22:52'),
(817, 58, 6, 1000, '2019-02-05 18:22:52'),
(818, 58, 7, 1000, '2019-02-05 18:22:52'),
(819, 58, 8, 1000, '2019-02-05 18:22:52'),
(820, 58, 9, 1000, '2019-02-05 18:22:52'),
(821, 58, 10, 1000, '2019-02-05 18:22:52'),
(822, 58, 11, 1000, '2019-02-05 18:22:52'),
(823, 58, 12, 1000, '2019-02-05 18:22:52'),
(824, 58, 13, 1000, '2019-02-05 18:22:52'),
(825, 58, 14, 1000, '2019-02-05 18:22:52'),
(826, 59, 1, 10000, '2019-02-05 18:22:52'),
(827, 59, 2, 10000, '2019-02-05 18:22:52'),
(828, 59, 3, 10000, '2019-02-05 18:22:52'),
(829, 59, 4, 10000, '2019-02-05 18:22:52'),
(830, 59, 5, 10000, '2019-02-05 18:22:52'),
(831, 59, 6, 10000, '2019-02-05 18:22:52'),
(832, 59, 7, 10000, '2019-02-05 18:22:52'),
(833, 59, 8, 10000, '2019-02-05 18:22:52'),
(834, 59, 9, 10000, '2019-02-05 18:22:52'),
(835, 59, 10, 10000, '2019-02-05 18:22:52'),
(836, 59, 11, 10000, '2019-02-05 18:22:52'),
(837, 59, 12, 10000, '2019-02-05 18:22:52'),
(838, 59, 13, 10000, '2019-02-05 18:22:52'),
(839, 59, 14, 10000, '2019-02-05 18:22:52'),
(840, 60, 1, 10000, '2019-02-05 18:22:52'),
(841, 60, 2, 10000, '2019-02-05 18:22:52'),
(842, 60, 3, 10000, '2019-02-05 18:22:52'),
(843, 60, 4, 10000, '2019-02-05 18:22:52'),
(844, 60, 5, 10000, '2019-02-05 18:22:52'),
(845, 60, 6, 10000, '2019-02-05 18:22:52'),
(846, 60, 7, 10000, '2019-02-05 18:22:52'),
(847, 60, 8, 10000, '2019-02-05 18:22:52'),
(848, 60, 9, 10000, '2019-02-05 18:22:52'),
(849, 60, 10, 10000, '2019-02-05 18:22:52'),
(850, 60, 11, 10000, '2019-02-05 18:22:52'),
(851, 60, 12, 10000, '2019-02-05 18:22:52'),
(852, 60, 13, 10000, '2019-02-05 18:22:52'),
(853, 60, 14, 10000, '2019-02-05 18:22:52'),
(854, 61, 1, 10000, '2019-02-05 18:22:52'),
(855, 61, 2, 10000, '2019-02-05 18:22:52'),
(856, 61, 3, 10000, '2019-02-05 18:22:52'),
(857, 61, 4, 10000, '2019-02-05 18:22:52'),
(858, 61, 5, 10000, '2019-02-05 18:22:52'),
(859, 61, 6, 10000, '2019-02-05 18:22:52'),
(860, 61, 7, 10000, '2019-02-05 18:22:52'),
(861, 61, 8, 10000, '2019-02-05 18:22:52'),
(862, 61, 9, 10000, '2019-02-05 18:22:52'),
(863, 61, 10, 10000, '2019-02-05 18:22:52'),
(864, 61, 11, 10000, '2019-02-05 18:22:52'),
(865, 61, 12, 10000, '2019-02-05 18:22:52'),
(866, 61, 13, 10000, '2019-02-05 18:22:52'),
(867, 61, 14, 10000, '2019-02-05 18:22:52'),
(868, 62, 1, 10000, '2019-02-05 18:22:52'),
(869, 62, 2, 10000, '2019-02-05 18:22:52'),
(870, 62, 3, 10000, '2019-02-05 18:22:52'),
(871, 62, 4, 10000, '2019-02-05 18:22:52'),
(872, 62, 5, 10000, '2019-02-05 18:22:52'),
(873, 62, 6, 10000, '2019-02-05 18:22:52'),
(874, 62, 7, 10000, '2019-02-05 18:22:52'),
(875, 62, 8, 10000, '2019-02-05 18:22:52'),
(876, 62, 9, 10000, '2019-02-05 18:22:52'),
(877, 62, 10, 10000, '2019-02-05 18:22:52'),
(878, 62, 11, 10000, '2019-02-05 18:22:52'),
(879, 62, 12, 10000, '2019-02-05 18:22:52'),
(880, 62, 13, 10000, '2019-02-05 18:22:52'),
(881, 62, 14, 10000, '2019-02-05 18:22:52'),
(882, 63, 1, 10000, '2019-02-05 18:22:52'),
(883, 63, 2, 10000, '2019-02-05 18:22:52'),
(884, 63, 3, 10000, '2019-02-05 18:22:52'),
(885, 63, 4, 10000, '2019-02-05 18:22:52'),
(886, 63, 5, 10000, '2019-02-05 18:22:52'),
(887, 63, 6, 10000, '2019-02-05 18:22:52'),
(888, 63, 7, 10000, '2019-02-05 18:22:52'),
(889, 63, 8, 10000, '2019-02-05 18:22:52'),
(890, 63, 9, 10000, '2019-02-05 18:22:52'),
(891, 63, 10, 10000, '2019-02-05 18:22:52'),
(892, 63, 11, 10000, '2019-02-05 18:22:52'),
(893, 63, 12, 10000, '2019-02-05 18:22:52'),
(894, 63, 13, 10000, '2019-02-05 18:22:52'),
(895, 63, 14, 10000, '2019-02-05 18:22:52'),
(896, 64, 1, 10000, '2019-02-05 18:22:52'),
(897, 64, 2, 10000, '2019-02-05 18:22:52'),
(898, 64, 3, 10000, '2019-02-05 18:22:52'),
(899, 64, 4, 10000, '2019-02-05 18:22:52'),
(900, 64, 5, 10000, '2019-02-05 18:22:52'),
(901, 64, 6, 10000, '2019-02-05 18:22:52'),
(902, 64, 7, 10000, '2019-02-05 18:22:52'),
(903, 64, 8, 10000, '2019-02-05 18:22:52'),
(904, 64, 9, 10000, '2019-02-05 18:22:52'),
(905, 64, 10, 10000, '2019-02-05 18:22:52'),
(906, 64, 11, 10000, '2019-02-05 18:22:52'),
(907, 64, 12, 10000, '2019-02-05 18:22:52'),
(908, 64, 13, 10000, '2019-02-05 18:22:52'),
(909, 64, 14, 10000, '2019-02-05 18:22:52'),
(910, 65, 1, 1000, '2019-02-05 18:22:52'),
(911, 65, 2, 1000, '2019-02-05 18:22:52'),
(912, 65, 3, 1000, '2019-02-05 18:22:52'),
(913, 65, 4, 1000, '2019-02-05 18:22:52'),
(914, 65, 5, 1000, '2019-02-05 18:22:52'),
(915, 65, 6, 1000, '2019-02-05 18:22:52'),
(916, 65, 7, 1000, '2019-02-05 18:22:52'),
(917, 65, 8, 1000, '2019-02-05 18:22:52'),
(918, 65, 9, 1000, '2019-02-05 18:22:52'),
(919, 65, 10, 1000, '2019-02-05 18:22:52'),
(920, 65, 11, 1000, '2019-02-05 18:22:52'),
(921, 65, 12, 1000, '2019-02-05 18:22:52'),
(922, 65, 13, 1000, '2019-02-05 18:22:52'),
(923, 65, 14, 1000, '2019-02-05 18:22:52'),
(924, 66, 1, 1000, '2019-02-05 18:22:52'),
(925, 66, 2, 1000, '2019-02-05 18:22:52'),
(926, 66, 3, 1000, '2019-02-05 18:22:52'),
(927, 66, 4, 1000, '2019-02-05 18:22:52'),
(928, 66, 5, 1000, '2019-02-05 18:22:52'),
(929, 66, 6, 1000, '2019-02-05 18:22:52'),
(930, 66, 7, 1000, '2019-02-05 19:00:44'),
(931, 66, 8, 1000, '2019-02-05 19:00:44'),
(932, 66, 9, 1000, '2019-02-05 19:00:44'),
(933, 66, 10, 1000, '2019-02-05 19:00:44'),
(934, 66, 11, 1000, '2019-02-05 19:00:44'),
(935, 66, 12, 1000, '2019-02-05 19:00:44'),
(936, 66, 13, 1000, '2019-02-05 19:00:44'),
(937, 66, 14, 1000, '2019-02-05 19:00:44'),
(938, 67, 1, 1000, '2019-02-05 19:00:44'),
(939, 67, 2, 1000, '2019-02-05 19:00:44'),
(940, 67, 3, 1000, '2019-02-05 19:00:44'),
(941, 67, 4, 1000, '2019-02-05 19:00:44'),
(942, 67, 5, 1000, '2019-02-05 19:00:44'),
(943, 67, 6, 1000, '2019-02-05 19:00:44'),
(944, 67, 7, 1000, '2019-02-05 19:00:44'),
(945, 67, 8, 1000, '2019-02-05 19:00:44'),
(946, 67, 9, 1000, '2019-02-05 19:00:44'),
(947, 67, 10, 1000, '2019-02-05 19:00:44'),
(948, 67, 11, 1000, '2019-02-05 19:00:44'),
(949, 67, 12, 1000, '2019-02-05 19:00:44'),
(950, 67, 13, 1000, '2019-02-05 19:00:44'),
(951, 67, 14, 1000, '2019-02-05 19:00:44'),
(952, 68, 1, 500, '2019-02-05 19:00:44'),
(953, 68, 2, 500, '2019-02-05 19:00:44'),
(954, 68, 3, 500, '2019-02-05 19:00:44'),
(955, 68, 4, 500, '2019-02-05 19:00:44'),
(956, 68, 5, 500, '2019-02-05 19:00:44'),
(957, 68, 6, 500, '2019-02-05 19:00:44'),
(958, 68, 7, 500, '2019-02-05 19:00:44'),
(959, 68, 8, 500, '2019-02-05 19:00:44'),
(960, 68, 9, 500, '2019-02-05 19:00:44'),
(961, 68, 10, 500, '2019-02-05 19:00:44'),
(962, 68, 11, 500, '2019-02-05 19:00:44'),
(963, 68, 12, 500, '2019-02-05 19:00:44'),
(964, 68, 13, 500, '2019-02-05 19:00:44'),
(965, 68, 14, 500, '2019-02-05 19:00:44'),
(966, 69, 1, 4500, '2019-02-05 19:00:44'),
(967, 69, 2, 4500, '2019-02-05 19:00:44'),
(968, 69, 3, 4500, '2019-02-05 19:00:44'),
(969, 69, 4, 4500, '2019-02-05 19:00:44'),
(970, 69, 5, 4500, '2019-02-05 19:00:44'),
(971, 69, 6, 4500, '2019-02-05 19:00:44'),
(972, 69, 7, 4500, '2019-02-05 19:00:44'),
(973, 69, 8, 4500, '2019-02-05 19:00:44'),
(974, 69, 9, 4500, '2019-02-05 19:00:44'),
(975, 69, 10, 4500, '2019-02-05 19:00:44'),
(976, 69, 11, 4500, '2019-02-05 19:00:44'),
(977, 69, 12, 4500, '2019-02-05 19:00:44'),
(978, 69, 13, 4500, '2019-02-05 19:00:44'),
(979, 69, 14, 4500, '2019-02-05 19:00:44'),
(980, 70, 1, 4500, '2019-02-05 19:00:44'),
(981, 70, 2, 4500, '2019-02-05 19:00:44'),
(982, 70, 3, 4500, '2019-02-05 19:00:44'),
(983, 70, 4, 4500, '2019-02-05 19:00:44'),
(984, 70, 5, 4500, '2019-02-05 19:00:44'),
(985, 70, 6, 4500, '2019-02-05 19:00:44'),
(986, 70, 7, 4500, '2019-02-05 19:00:44'),
(987, 70, 8, 4500, '2019-02-05 19:00:44'),
(988, 70, 9, 4500, '2019-02-05 19:00:44'),
(989, 70, 10, 4500, '2019-02-05 19:00:44'),
(990, 70, 11, 4500, '2019-02-05 19:00:44'),
(991, 70, 12, 4500, '2019-02-05 19:00:44'),
(992, 70, 13, 4500, '2019-02-05 19:00:44'),
(993, 70, 14, 4500, '2019-02-05 19:00:44'),
(994, 71, 1, 10000, '2019-02-05 19:00:44'),
(995, 71, 1, 10000, '2019-02-05 19:00:44'),
(996, 71, 3, 10000, '2019-02-05 19:00:44'),
(997, 71, 1, 10000, '2019-02-05 19:00:44'),
(998, 71, 5, 10000, '2019-02-05 19:00:44'),
(999, 71, 1, 10000, '2019-02-05 19:00:44'),
(1000, 71, 7, 10000, '2019-02-05 19:00:44'),
(1001, 71, 8, 10000, '2019-02-05 19:00:44'),
(1002, 71, 9, 10000, '2019-02-05 19:00:44'),
(1003, 71, 10, 10000, '2019-02-05 19:00:44'),
(1004, 71, 11, 10000, '2019-02-05 19:00:44'),
(1005, 71, 12, 10000, '2019-02-05 19:00:44'),
(1006, 71, 13, 10000, '2019-02-05 19:00:44'),
(1007, 71, 14, 10000, '2019-02-05 19:00:44'),
(1008, 72, 1, 10000, '2019-02-05 19:00:44'),
(1009, 72, 2, 10000, '2019-02-05 19:00:44'),
(1010, 72, 3, 10000, '2019-02-05 19:00:44'),
(1011, 72, 4, 10000, '2019-02-05 19:00:44'),
(1012, 72, 5, 10000, '2019-02-05 19:00:44'),
(1013, 72, 6, 10000, '2019-02-05 19:00:44'),
(1014, 72, 7, 10000, '2019-02-05 19:00:44'),
(1015, 72, 8, 10000, '2019-02-05 19:00:44'),
(1016, 72, 9, 10000, '2019-02-05 19:00:44'),
(1017, 72, 10, 10000, '2019-02-05 19:00:44'),
(1018, 72, 11, 10000, '2019-02-05 19:00:44'),
(1019, 72, 12, 10000, '2019-02-05 19:00:44'),
(1020, 72, 13, 10000, '2019-02-05 19:00:44'),
(1021, 72, 14, 10000, '2019-02-05 19:00:44'),
(1022, 73, 1, 4500, '2019-02-05 19:00:44'),
(1023, 73, 2, 4500, '2019-02-05 19:00:44'),
(1024, 73, 3, 4500, '2019-02-05 19:00:44'),
(1025, 73, 4, 4500, '2019-02-05 19:00:44'),
(1026, 73, 5, 4500, '2019-02-05 19:00:44'),
(1027, 73, 6, 4500, '2019-02-05 19:00:44'),
(1028, 73, 7, 4500, '2019-02-05 19:00:44'),
(1029, 73, 8, 4500, '2019-02-05 19:00:44'),
(1030, 73, 9, 4500, '2019-02-05 19:00:44'),
(1031, 73, 10, 4500, '2019-02-05 19:00:44'),
(1032, 73, 11, 4500, '2019-02-05 19:00:44'),
(1033, 73, 12, 4500, '2019-02-05 19:00:44'),
(1034, 73, 13, 4500, '2019-02-05 19:00:44'),
(1035, 73, 14, 4500, '2019-02-05 19:00:44'),
(1036, 74, 1, 4500, '2019-02-05 19:00:44'),
(1037, 74, 2, 4500, '2019-02-05 19:00:44'),
(1038, 74, 3, 4500, '2019-02-05 19:00:44'),
(1039, 74, 4, 4500, '2019-02-05 19:00:44'),
(1040, 74, 5, 4500, '2019-02-05 19:00:44'),
(1041, 74, 6, 4500, '2019-02-05 19:00:44'),
(1042, 74, 7, 4500, '2019-02-05 19:00:44'),
(1043, 74, 8, 4500, '2019-02-05 19:00:44'),
(1044, 74, 9, 4500, '2019-02-05 19:00:44'),
(1045, 74, 10, 4500, '2019-02-05 19:00:44'),
(1046, 74, 11, 4500, '2019-02-05 19:00:44'),
(1047, 74, 12, 4500, '2019-02-05 19:00:44'),
(1048, 74, 13, 4500, '2019-02-05 19:00:44'),
(1049, 74, 14, 4500, '2019-02-05 19:00:44'),
(1050, 75, 1, 25, '2019-02-05 19:00:44'),
(1051, 75, 2, 25, '2019-02-05 19:00:44'),
(1052, 75, 3, 25, '2019-02-05 19:00:44'),
(1053, 75, 4, 25, '2019-02-05 19:00:44'),
(1054, 75, 5, 25, '2019-02-05 19:00:44'),
(1055, 75, 6, 25, '2019-02-05 19:00:44'),
(1056, 75, 7, 25, '2019-02-05 19:00:44'),
(1057, 75, 8, 25, '2019-02-05 19:00:44'),
(1058, 75, 9, 25, '2019-02-05 19:00:44'),
(1059, 75, 10, 25, '2019-02-05 19:00:44'),
(1060, 75, 11, 25, '2019-02-05 19:00:44'),
(1061, 75, 12, 25, '2019-02-05 19:00:44'),
(1062, 75, 13, 25, '2019-02-05 19:00:44'),
(1063, 75, 14, 25, '2019-02-05 19:00:44'),
(1064, 76, 1, 50, '2019-02-05 19:00:44'),
(1065, 76, 2, 50, '2019-02-05 19:00:44'),
(1066, 76, 3, 50, '2019-02-05 19:00:44'),
(1067, 76, 4, 50, '2019-02-05 19:00:44'),
(1068, 76, 5, 50, '2019-02-05 19:00:44'),
(1069, 76, 6, 50, '2019-02-05 19:00:44'),
(1070, 76, 7, 50, '2019-02-05 19:00:44'),
(1071, 76, 8, 50, '2019-02-05 19:00:44'),
(1072, 76, 9, 50, '2019-02-05 19:00:44'),
(1073, 76, 10, 50, '2019-02-05 19:00:44'),
(1074, 76, 11, 50, '2019-02-05 19:00:44'),
(1075, 76, 12, 50, '2019-02-05 19:00:44'),
(1076, 76, 13, 50, '2019-02-05 19:00:44'),
(1077, 76, 14, 50, '2019-02-05 19:00:44'),
(1078, 77, 1, 1500, '2019-02-05 19:00:44'),
(1079, 77, 2, 1500, '2019-02-05 19:00:44'),
(1080, 77, 3, 1500, '2019-02-05 19:00:44'),
(1081, 77, 4, 1500, '2019-02-05 19:00:44'),
(1082, 77, 5, 1500, '2019-02-05 19:00:44'),
(1083, 77, 6, 1500, '2019-02-05 19:00:44'),
(1084, 77, 7, 1500, '2019-02-05 19:00:44'),
(1085, 77, 8, 1500, '2019-02-05 19:00:44'),
(1086, 77, 9, 1500, '2019-02-05 19:00:44'),
(1087, 77, 10, 1500, '2019-02-05 19:00:44'),
(1088, 77, 11, 1500, '2019-02-05 19:00:44'),
(1089, 77, 12, 1500, '2019-02-05 19:00:44'),
(1090, 77, 13, 1500, '2019-02-05 19:00:44'),
(1091, 77, 14, 1500, '2019-02-05 19:00:44'),
(1092, 78, 1, 1500, '2019-02-05 19:00:44'),
(1093, 78, 2, 1500, '2019-02-05 19:00:44'),
(1094, 78, 3, 1500, '2019-02-05 19:00:44'),
(1095, 78, 4, 1500, '2019-02-05 19:00:44'),
(1096, 78, 5, 1500, '2019-02-05 19:00:44'),
(1097, 78, 6, 1500, '2019-02-05 19:00:44'),
(1098, 78, 7, 1500, '2019-02-05 19:00:44'),
(1099, 78, 8, 1500, '2019-02-05 19:00:44'),
(1100, 78, 9, 1500, '2019-02-05 19:00:44'),
(1101, 78, 10, 1500, '2019-02-05 19:00:44'),
(1102, 78, 11, 1500, '2019-02-05 19:00:44'),
(1103, 78, 12, 1500, '2019-02-05 19:00:44'),
(1104, 78, 13, 1500, '2019-02-05 19:00:44'),
(1105, 78, 14, 1500, '2019-02-05 19:00:44'),
(1106, 79, 1, 1500, '2019-02-05 19:00:44'),
(1107, 79, 2, 1500, '2019-02-05 19:00:44'),
(1108, 79, 3, 1500, '2019-02-05 19:00:44'),
(1109, 79, 4, 1500, '2019-02-05 19:00:44'),
(1110, 79, 5, 1500, '2019-02-05 19:00:44'),
(1111, 79, 6, 1500, '2019-02-05 19:00:44'),
(1112, 79, 7, 1500, '2019-02-05 19:00:44'),
(1113, 79, 8, 1500, '2019-02-05 19:00:44'),
(1114, 79, 9, 1500, '2019-02-05 19:00:44'),
(1115, 79, 10, 1500, '2019-02-05 19:00:44'),
(1116, 79, 11, 1500, '2019-02-05 19:00:44'),
(1117, 79, 12, 1500, '2019-02-05 19:00:44'),
(1118, 79, 13, 1500, '2019-02-05 19:00:44'),
(1119, 79, 14, 1500, '2019-02-05 19:00:44'),
(1120, 80, 1, 10, '2019-02-05 19:00:44'),
(1121, 80, 2, 10, '2019-02-05 19:00:44'),
(1122, 80, 3, 10, '2019-02-05 19:00:44'),
(1123, 80, 4, 10, '2019-02-05 19:00:44'),
(1124, 80, 5, 10, '2019-02-05 19:00:44'),
(1125, 80, 6, 10, '2019-02-05 19:00:44'),
(1126, 80, 7, 10, '2019-02-05 19:00:44'),
(1127, 80, 8, 10, '2019-02-05 19:00:44'),
(1128, 80, 9, 10, '2019-02-05 19:00:44'),
(1129, 80, 10, 10, '2019-02-05 19:00:44'),
(1130, 80, 11, 10, '2019-02-05 19:00:44'),
(1131, 80, 12, 10, '2019-02-05 19:00:44'),
(1132, 80, 13, 10, '2019-02-05 19:00:44'),
(1133, 80, 14, 10, '2019-02-05 19:00:44'),
(1134, 81, 1, 10000, '2019-02-05 19:00:44'),
(1135, 81, 2, 10000, '2019-02-05 19:00:44'),
(1136, 81, 3, 10000, '2019-02-05 19:00:44'),
(1137, 81, 4, 10000, '2019-02-05 19:00:44'),
(1138, 81, 5, 10000, '2019-02-05 19:00:44'),
(1139, 81, 6, 10000, '2019-02-05 19:00:44'),
(1140, 81, 7, 10000, '2019-02-05 19:00:44'),
(1141, 81, 8, 10000, '2019-02-05 19:00:44'),
(1142, 81, 9, 10000, '2019-02-05 19:00:44'),
(1143, 81, 10, 10000, '2019-02-05 19:00:44'),
(1144, 81, 11, 10000, '2019-02-05 19:00:44'),
(1145, 81, 12, 10000, '2019-02-05 19:00:44'),
(1146, 81, 13, 10000, '2019-02-05 19:00:44'),
(1147, 81, 14, 10000, '2019-02-05 19:00:44'),
(1148, 82, 1, 3000, '2019-02-05 19:01:28'),
(1149, 82, 2, 3000, '2019-02-05 19:01:28'),
(1150, 82, 3, 3000, '2019-02-05 19:12:34'),
(1151, 82, 4, 3000, '2019-02-05 19:12:34'),
(1152, 82, 5, 3000, '2019-02-05 19:12:34'),
(1153, 82, 6, 3000, '2019-02-05 19:12:34'),
(1154, 82, 7, 3000, '2019-02-05 19:12:34'),
(1155, 82, 8, 3000, '2019-02-05 19:12:34'),
(1156, 82, 9, 3000, '2019-02-05 19:12:34'),
(1157, 82, 10, 3000, '2019-02-05 19:12:34'),
(1158, 82, 11, 3000, '2019-02-05 19:12:34'),
(1159, 82, 12, 3000, '2019-02-05 19:12:34'),
(1160, 82, 13, 3000, '2019-02-05 19:12:34'),
(1161, 82, 14, 3000, '2019-02-05 19:12:34'),
(1162, 83, 1, 3000, '2019-02-05 19:12:34'),
(1163, 83, 2, 3000, '2019-02-05 19:12:34'),
(1164, 83, 3, 3000, '2019-02-05 19:12:34'),
(1165, 83, 4, 3000, '2019-02-05 19:12:34'),
(1166, 83, 5, 3000, '2019-02-05 19:12:34'),
(1167, 83, 6, 3000, '2019-02-05 19:12:34'),
(1168, 83, 7, 3000, '2019-02-05 19:12:34'),
(1169, 83, 8, 3000, '2019-02-05 19:12:34'),
(1170, 83, 9, 3000, '2019-02-05 19:12:34'),
(1171, 83, 10, 3000, '2019-02-05 19:12:34'),
(1172, 83, 11, 3000, '2019-02-05 19:12:34'),
(1173, 83, 12, 3000, '2019-02-05 19:12:34'),
(1174, 83, 13, 3000, '2019-02-05 19:12:34'),
(1175, 83, 14, 3000, '2019-02-05 19:12:34'),
(1176, 84, 1, 3000, '2019-02-05 19:12:34'),
(1177, 84, 2, 3000, '2019-02-05 19:12:34'),
(1178, 84, 3, 3000, '2019-02-05 19:12:34'),
(1179, 84, 4, 3000, '2019-02-05 19:12:34'),
(1180, 84, 5, 3000, '2019-02-05 19:12:34'),
(1181, 84, 6, 3000, '2019-02-05 19:12:34'),
(1182, 84, 7, 3000, '2019-02-05 19:12:34'),
(1183, 84, 8, 3000, '2019-02-05 19:12:34'),
(1184, 84, 9, 3000, '2019-02-05 19:12:34'),
(1185, 84, 10, 3000, '2019-02-05 19:12:34'),
(1186, 84, 11, 3000, '2019-02-05 19:12:34'),
(1187, 84, 12, 3000, '2019-02-05 19:12:34'),
(1188, 84, 13, 3000, '2019-02-05 19:12:34'),
(1189, 84, 14, 3000, '2019-02-05 19:12:34'),
(1190, 85, 1, 3000, '2019-02-05 19:12:34'),
(1191, 85, 2, 3000, '2019-02-05 19:12:34'),
(1192, 85, 3, 3000, '2019-02-05 19:12:34'),
(1193, 85, 4, 3000, '2019-02-05 19:12:34'),
(1194, 85, 5, 3000, '2019-02-05 19:12:34'),
(1195, 85, 6, 3000, '2019-02-05 19:12:34'),
(1196, 85, 7, 3000, '2019-02-05 19:12:34'),
(1197, 85, 8, 3000, '2019-02-05 19:12:34'),
(1198, 85, 9, 3000, '2019-02-05 19:12:34'),
(1199, 85, 10, 3000, '2019-02-05 19:12:34'),
(1200, 85, 11, 3000, '2019-02-05 19:12:34'),
(1201, 85, 12, 3000, '2019-02-05 19:12:34'),
(1202, 85, 13, 3000, '2019-02-05 19:12:34'),
(1203, 85, 14, 3000, '2019-02-05 19:12:34'),
(1204, 86, 1, 5000, '2019-02-05 19:12:34'),
(1205, 86, 2, 5000, '2019-02-05 19:12:34'),
(1206, 86, 3, 5000, '2019-02-05 19:12:34'),
(1207, 86, 4, 5000, '2019-02-05 19:12:34'),
(1208, 86, 5, 5000, '2019-02-05 19:12:34'),
(1209, 86, 6, 5000, '2019-02-05 19:12:34'),
(1210, 86, 7, 5000, '2019-02-05 19:12:34'),
(1211, 86, 8, 5000, '2019-02-05 19:12:34'),
(1212, 86, 9, 5000, '2019-02-05 19:12:34'),
(1213, 86, 10, 5000, '2019-02-05 19:12:34'),
(1214, 86, 11, 5000, '2019-02-05 19:12:34'),
(1215, 86, 12, 5000, '2019-02-05 19:12:34'),
(1216, 86, 13, 5000, '2019-02-05 19:12:34'),
(1217, 86, 14, 5000, '2019-02-05 19:12:34'),
(1218, 87, 1, 100, '2019-02-05 19:12:34'),
(1219, 87, 2, 100, '2019-02-05 19:12:34'),
(1220, 87, 3, 100, '2019-02-05 19:12:34'),
(1221, 87, 4, 100, '2019-02-05 19:12:34'),
(1222, 87, 5, 100, '2019-02-05 19:12:34'),
(1223, 87, 6, 100, '2019-02-05 19:12:34'),
(1224, 87, 7, 100, '2019-02-05 19:12:34'),
(1225, 87, 8, 100, '2019-02-05 19:12:34'),
(1226, 87, 9, 100, '2019-02-05 19:12:34'),
(1227, 87, 10, 100, '2019-02-05 19:12:34'),
(1228, 87, 11, 100, '2019-02-05 19:12:34');
INSERT INTO `branch_ingredients` (`id`, `ingredient_id`, `branch_id`, `supply`, `updated_date`) VALUES
(1229, 87, 12, 100, '2019-02-05 19:12:34'),
(1230, 87, 13, 100, '2019-02-05 19:12:34'),
(1231, 87, 14, 100, '2019-02-05 19:12:34'),
(1232, 88, 1, 3000, '2019-02-05 19:12:34'),
(1233, 88, 2, 3000, '2019-02-05 19:12:34'),
(1234, 88, 3, 3000, '2019-02-05 19:12:34'),
(1235, 88, 4, 3000, '2019-02-05 19:12:34'),
(1236, 88, 5, 3000, '2019-02-05 19:12:34'),
(1237, 88, 6, 3000, '2019-02-05 19:12:34'),
(1238, 88, 7, 3000, '2019-02-05 19:12:34'),
(1239, 88, 8, 3000, '2019-02-05 19:12:34'),
(1240, 88, 9, 3000, '2019-02-05 19:12:34'),
(1241, 88, 10, 3000, '2019-02-05 19:12:34'),
(1242, 88, 11, 3000, '2019-02-05 19:12:34'),
(1243, 88, 12, 3000, '2019-02-05 19:12:34'),
(1244, 88, 13, 3000, '2019-02-05 19:12:34'),
(1245, 88, 14, 3000, '2019-02-05 19:12:34');

-- --------------------------------------------------------

--
-- Table structure for table `branch_manager`
--

CREATE TABLE `branch_manager` (
  `id` int(10) NOT NULL,
  `user_id` int(10) DEFAULT NULL,
  `code` varchar(10) DEFAULT NULL,
  `name` varchar(50) DEFAULT NULL,
  `status` varchar(5) DEFAULT 'U'
) ENGINE=InnoDB DEFAULT CHARSET=latin1;

--
-- Dumping data for table `branch_manager`
--

INSERT INTO `branch_manager` (`id`, `user_id`, `code`, `name`, `status`) VALUES
(1, 2, 'BM00001', 'Valerie Burke', 'A'),
(2, 3, 'BM00002', 'Tymoteusz Greer', 'A'),
(3, 4, 'BM00003', 'Mahir Leigh', 'A'),
(4, 5, 'BM00004', 'Blake Irwin', 'U'),
(5, 6, 'BM00005', 'Rhianna Key', 'A'),
(6, 19, 'BM00006', 'Ilayda Burt', 'U'),
(7, 20, 'BM00007', 'Ellie-Mae Storey', 'A'),
(8, 21, 'BM00008', 'Rian Lindsey', 'U'),
(9, 22, 'BM00009', 'Sabrina Jacobs', 'A'),
(10, 23, 'BM00010', 'Robert Estopace', 'A'),
(11, 24, 'BM00011', 'Charlone Poserio', 'U');

-- --------------------------------------------------------

--
-- Table structure for table `branch_reports`
--

CREATE TABLE `branch_reports` (
  `id` int(10) NOT NULL,
  `branch_ingredients_id` int(10) NOT NULL,
  `amount_reduced` int(10) NOT NULL,
  `reason` text,
  `status` int(10) NOT NULL,
  `created_date` datetime NOT NULL DEFAULT CURRENT_TIMESTAMP
) ENGINE=InnoDB DEFAULT CHARSET=latin1;

-- --------------------------------------------------------

--
-- Table structure for table `comment`
--

CREATE TABLE `comment` (
  `id` int(10) NOT NULL,
  `activity_id` int(10) DEFAULT NULL,
  `message` text
) ENGINE=InnoDB DEFAULT CHARSET=latin1;

--
-- Dumping data for table `comment`
--

INSERT INTO `comment` (`id`, `activity_id`, `message`) VALUES
(1, 15, 'Lorem ipsum dolor sit amet, consectetur adipiscing elit.'),
(2, 16, 'Aliquam erat volutpat. Curabitur quis enim vehicula, porta magna sed, consectetur nunc.'),
(3, 17, 'Donec in lacinia mauris. Aenean mi nisi, suscipit convallis augue eget, facilisis imperdiet velit.');

-- --------------------------------------------------------

--
-- Table structure for table `counter`
--

CREATE TABLE `counter` (
  `id` int(10) NOT NULL,
  `code` varchar(10) DEFAULT NULL,
  `count` int(10) DEFAULT NULL
) ENGINE=MyISAM DEFAULT CHARSET=latin1;

--
-- Dumping data for table `counter`
--

INSERT INTO `counter` (`id`, `code`, `count`) VALUES
(1, 'BR', 14),
(2, 'BM', 11),
(3, 'CS', 12);

-- --------------------------------------------------------

--
-- Table structure for table `country`
--

CREATE TABLE `country` (
  `id` int(10) NOT NULL,
  `region_id` int(10) DEFAULT NULL,
  `name` varchar(50) DEFAULT NULL
) ENGINE=InnoDB DEFAULT CHARSET=latin1;

--
-- Dumping data for table `country`
--

INSERT INTO `country` (`id`, `region_id`, `name`) VALUES
(1, 1, 'China'),
(2, 1, 'India'),
(3, 1, 'Japan'),
(4, 1, 'Philippines'),
(5, 1, 'South Korea'),
(6, 1, 'Thailand'),
(7, 2, 'France'),
(8, 2, 'Greece'),
(9, 2, 'Italy'),
(10, 2, 'Mexico'),
(11, 2, 'Spain'),
(12, 2, 'USA');

-- --------------------------------------------------------

--
-- Table structure for table `customer`
--

CREATE TABLE `customer` (
  `id` int(10) NOT NULL,
  `user_id` int(10) DEFAULT NULL,
  `code` varchar(10) DEFAULT NULL,
  `first_name` char(50) DEFAULT NULL,
  `last_name` char(50) DEFAULT NULL,
  `image` blob,
  `email_address` varchar(50) DEFAULT NULL,
  `home_address` varchar(100) DEFAULT NULL
) ENGINE=InnoDB DEFAULT CHARSET=latin1;

--
-- Dumping data for table `customer`
--

INSERT INTO `customer` (`id`, `user_id`, `code`, `first_name`, `last_name`, `image`, `email_address`, `home_address`) VALUES
(1, 7, 'CS00001', 'Devon', 'Marsh', NULL, 'devmar@gmail.com', '89 McGlynn Parkways, Poblacion, Samal 5867 Biliran'),
(2, 8, 'CS00002', 'Sinead', 'Downs', NULL, 'sindow@gmail.com', '22/68 Nader Mission, Poblacion, Dasmariñas 9105 Co'),
(3, 9, 'CS00003', 'Patsy', 'Gardiner', NULL, 'patgar@gmail.com', '53 Hirthe Unions, Poblacion, Malolos 0893 Pangasin'),
(4, 10, 'CS00004', 'Javier', 'Nieves', NULL, 'javnie@gmail.com', '11 Haley Causeway, Molave 5749 Bulacan'),
(5, 11, 'CS00005', 'Yusha', 'England', NULL, 'yuseng@gmail.com', '53/28 Osinski Crossroad Apt. 778, Poblacion, Talis'),
(6, 12, 'CS00006', 'Ashwin', 'Jaramillo', NULL, 'ashjar@gmail.com', '16 Ruecker Tunnel, Poblacion, Catbalogan 2334 Isab'),
(7, 13, 'CS00007', 'Poppy', 'Harper', NULL, 'pophar@gmail.com', '11/83 Bergstrom Inlet, Poblacion, Ligao 9088 Negro'),
(8, 14, 'CS00008', 'Celeste', 'Calderon', NULL, 'celcal@gmail.com', '26 Stoltenberg Terrace, Sadanga 0080 Ilocos Sur'),
(9, 15, 'CS00009', 'Izzy', 'Curry', NULL, 'izzcur@gmail.com', '74 Pfannerstill Causeway, Bakun 8640 Antique'),
(10, 16, 'CS00010', 'Greg', 'Koch', NULL, 'grekoc@gmail.com', '58/32 Ledner Estates, Poblacion, Tagaytay 8983 Ilo');

-- --------------------------------------------------------

--
-- Table structure for table `delivery`
--

CREATE TABLE `delivery` (
  `id` int(10) NOT NULL,
  `customer_id` int(10) DEFAULT NULL,
  `branch_id` int(10) DEFAULT NULL,
  `activity_id` int(10) DEFAULT NULL,
  `code` varchar(10) DEFAULT NULL,
  `status` varchar(10) DEFAULT NULL
) ENGINE=MyISAM DEFAULT CHARSET=latin1;

--
-- Dumping data for table `delivery`
--

INSERT INTO `delivery` (`id`, `customer_id`, `branch_id`, `activity_id`, `code`, `status`) VALUES
(1, 1, 1, 1, 'OR00001', 'I'),
(2, 2, 1, 2, 'OR00002', 'I'),
(3, 3, 2, 3, 'OR00003', 'I'),
(4, 4, 2, 4, 'OR00004', 'C'),
(5, 5, 3, 5, 'OR00005', 'I'),
(6, 6, 3, 6, 'OR00006', 'C'),
(7, 7, 4, 7, 'OR00007', 'C'),
(8, 8, 4, 8, 'OR00008', 'I'),
(9, 9, 5, 9, 'OR00009', 'C'),
(10, 10, 5, 10, 'OR00010', 'I'),
(11, 1, 1, 11, 'OR00011', 'I'),
(12, 2, 1, 12, 'OR00012', 'P'),
(13, 3, 2, 13, 'OR00013', 'I');

-- --------------------------------------------------------

--
-- Table structure for table `ingredients`
--

CREATE TABLE `ingredients` (
  `id` int(10) NOT NULL,
  `unit_id` int(10) DEFAULT NULL,
  `name` varchar(50) DEFAULT NULL,
  `set_minimum` int(10) NOT NULL,
  `created_date` datetime NOT NULL DEFAULT CURRENT_TIMESTAMP,
  `price` varchar(10) NOT NULL,
  `condiments` char(5) NOT NULL
) ENGINE=InnoDB DEFAULT CHARSET=latin1;

--
-- Dumping data for table `ingredients`
--

INSERT INTO `ingredients` (`id`, `unit_id`, `name`, `set_minimum`, `created_date`, `price`, `condiments`) VALUES
(1, 1, 'Chicken', 50, '2019-02-05 09:51:14', '', 'NO'),
(2, 2, 'Garlic', 500, '2019-02-05 09:51:14', '0.1', 'YES'),
(3, 2, 'Onion', 500, '2019-02-05 09:51:14', '', 'NO'),
(4, 1, 'Pork', 50, '2019-02-05 09:51:14', '', 'NO'),
(5, 2, 'Red Bell Pepper', 100, '2019-02-05 09:51:14', '', 'NO'),
(6, 2, 'Green Bell Pepper', 100, '2019-02-05 09:51:14', '', 'NO'),
(7, 1, 'Beef', 50, '2019-02-05 09:51:14', '', 'NO'),
(8, 2, 'Potato', 500, '2019-02-05 09:51:14', '', 'NO'),
(9, 2, 'Carrot', 500, '2019-02-05 09:51:14', '', 'NO'),
(10, 1, 'Salmon', 40, '2019-02-05 09:51:14', '', 'NO'),
(11, 2, 'Tomato', 100, '2019-02-05 09:51:14', '', 'NO'),
(12, 2, 'Potato', 100, '2019-02-05 09:51:14', '', 'NO'),
(13, 1, 'Tuna', 40, '2019-02-05 09:51:14', '', 'NO'),
(14, 2, 'Salt', 1000, '2019-02-05 09:51:14', '0.1', 'YES'),
(15, 2, 'Pepper', 100, '2019-02-05 09:51:14', '0.1', 'YES'),
(16, 2, 'Spinach', 100, '2019-02-05 09:51:14', '', 'NO'),
(17, 4, 'Soy Sauce', 1000, '2019-02-05 09:51:14', '0.15', 'YES'),
(18, 3, 'Sesame Oil', 10, '2019-02-05 09:51:14', '100', 'YES'),
(19, 2, 'Sugar', 1000, '2019-02-05 09:51:14', '0.2', 'YES'),
(20, 2, 'White Pepper', 1000, '2019-02-05 09:51:14', '0.2', 'YES'),
(21, 2, 'Ginger', 500, '2019-02-05 09:51:14', '', 'NO'),
(22, 1, 'Wonton Wrappers', 2, '2019-02-05 09:51:14', '', 'NO'),
(23, 3, 'Vinegar', 10, '2019-02-05 09:51:14', '100', 'YES'),
(24, 3, 'Sherry', 10, '2019-02-05 09:51:14', '120', 'YES'),
(25, 2, 'Cabbage', 500, '2019-02-05 09:51:14', '', 'NO'),
(26, 3, 'Chile Oil', 10, '2019-02-05 09:51:14', '110', 'YES'),
(27, 2, 'Cilantro', 500, '2019-02-05 09:51:14', '', 'NO'),
(28, 3, 'Peanut Oil', 10, '2019-02-05 09:51:14', '100', 'YES'),
(29, 3, 'Cooking Oil', 10, '2019-02-05 09:51:14', '100', 'YES'),
(30, 2, 'Yogurt', 1000, '2019-02-05 09:51:14', '', 'NO'),
(31, 2, 'Chilli Powder', 500, '2019-02-05 09:51:14', '0.1', 'YES'),
(32, 2, 'Coriander Leaves', 300, '2019-02-05 09:51:14', '0.1', 'YES'),
(33, 4, 'Honey', 500, '2019-02-05 09:51:14', '2', 'YES'),
(34, 2, 'Tofu', 500, '2019-02-05 09:51:14', '', 'NO'),
(35, 2, 'Shallot', 500, '2019-02-05 09:51:14', '', 'NO'),
(36, 2, 'Lemon Grass', 300, '2019-02-05 09:51:14', '', 'NO'),
(37, 4, 'Tandoori Masala', 800, '2019-02-05 09:51:14', '', 'NO'),
(38, 1, 'Lamb', 25, '2019-02-05 09:51:14', '', 'NO'),
(39, 2, 'Cinnamon', 500, '2019-02-05 09:51:14', '0.2', 'YES'),
(40, 2, 'Turmeric Powder', 500, '2019-02-05 09:51:14', '0.1', 'YES'),
(41, 2, 'Cumin Powder', 500, '2019-02-05 09:51:14', '0.1', 'YES'),
(42, 2, 'Chicken Peas', 500, '2019-02-05 09:51:14', '', 'NO'),
(43, 3, 'Japanese Sake', 1, '2019-02-05 09:51:14', '300', 'YES'),
(44, 2, 'Dashi Powder', 500, '2019-02-05 09:51:14', '0.1', 'YES'),
(45, 1, 'Duck', 50, '2019-02-05 09:51:14', '', 'NO'),
(46, 2, 'Sesame Seeds', 500, '2019-02-05 09:51:14', '', 'NO'),
(47, 2, 'Flour', 800, '2019-02-05 09:51:14', '0.25', 'YES'),
(48, 2, 'Panko Flakes', 500, '2019-02-05 09:51:14', '', 'NO'),
(49, 2, 'Eggplant', 500, '2019-02-05 09:51:14', '', 'NO'),
(50, 4, 'Banana Ketchup', 1000, '2019-02-05 09:51:14', '0.1', 'YES'),
(51, 4, 'Oyster Sauce', 1000, '2019-02-05 09:51:14', '0.1', 'YES'),
(52, 2, 'Gabi', 500, '2019-02-05 09:51:14', '', 'NO'),
(53, 2, 'Radish', 500, '2019-02-05 09:51:14', '', 'NO'),
(54, 2, 'Long Beans', 500, '2019-02-05 09:51:14', '', 'NO'),
(55, 2, 'Okra', 500, '2019-02-05 09:51:14', '', 'NO'),
(56, 2, 'Tamarind', 500, '2019-02-05 09:51:14', '', 'NO'),
(57, 2, 'Kimchi', 250, '2019-02-05 09:51:14', '', 'NO'),
(58, 5, 'Eggs', 100, '2019-02-05 09:51:14', '', 'NO'),
(59, 2, 'Paprika', 500, '2019-02-05 09:51:14', '0.15', 'YES'),
(60, 2, 'Noodles', 500, '2019-02-05 09:51:14', '', 'NO'),
(61, 4, 'Hoisin Sauce', 1000, '2019-02-05 09:51:14', '0.75', 'YES'),
(62, 2, 'Mushroom', 500, '2019-02-05 09:51:14', '', 'NO'),
(63, 4, 'Butter', 500, '2019-02-05 09:51:14', '', 'NO'),
(64, 4, 'Dijon-style prepared Mustard', 500, '2019-02-05 09:51:14', '', 'NO'),
(65, 5, 'Lemon', 100, '2019-02-05 09:51:14', '', 'NO'),
(66, 5, 'Bay Leaves', 100, '2019-02-05 09:51:14', '1', 'YES'),
(67, 2, 'Oregano', 500, '2019-02-05 09:51:14', '', 'NO'),
(68, 5, 'Burger Buns', 100, '2019-02-05 09:51:14', '', 'NO'),
(69, 2, 'Wheat', 500, '2019-02-05 09:51:14', '', 'NO'),
(70, 2, 'Cucumber', 500, '2019-02-05 09:51:14', '', 'NO'),
(71, 2, 'Breadcrumbs', 1000, '2019-02-05 09:51:14', '0.25', 'YES'),
(72, 2, 'Cheese', 500, '2019-02-05 09:51:14', '0.5', 'YES'),
(73, 2, 'Flour', 800, '2019-02-05 09:51:14', '0.5', 'YES'),
(74, 2, 'Parmigiano-Reggiano', 300, '2019-02-05 09:51:14', '0.5', 'YES'),
(75, 3, 'Olive Oil', 10, '2019-02-05 09:51:14', '100', 'YES'),
(76, 1, 'Rice', 25, '2019-02-05 09:51:14', '', 'NO'),
(77, 2, 'Sausage', 500, '2019-02-05 09:51:14', '', 'NO'),
(78, 2, 'Shrimp', 500, '2019-02-05 09:51:14', '', 'NO'),
(79, 2, 'Raisins', 500, '2019-02-05 09:51:14', '0.25', 'YES'),
(80, 3, 'Wine', 2, '2019-02-05 09:51:14', '', 'NO'),
(81, 2, 'Parsley', 500, '2019-02-05 09:51:14', '0.5', 'YES'),
(82, 2, 'Avocado', 500, '2019-02-05 09:51:14', '', 'NO'),
(83, 2, 'Corn', 500, '2019-02-05 09:51:14', '', 'NO'),
(84, 2, 'Navy Beans', 500, '2019-02-05 09:51:14', '', 'NO'),
(85, 2, 'Bacon', 1000, '2019-02-05 09:51:14', '', 'NO'),
(86, 4, 'Milk', 1000, '2019-02-05 09:51:14', '', 'NO'),
(87, 5, 'Celery', 50, '2019-02-05 09:51:14', '', 'NO'),
(88, 2, 'Fish Fillet', 1000, '2019-02-05 09:51:14', '', 'NO');

-- --------------------------------------------------------

--
-- Table structure for table `order_content`
--

CREATE TABLE `order_content` (
  `id` int(10) NOT NULL,
  `recipe_id` int(10) DEFAULT NULL,
  `order_id` int(10) DEFAULT NULL,
  `quantity` int(50) DEFAULT NULL
) ENGINE=InnoDB DEFAULT CHARSET=latin1;

--
-- Dumping data for table `order_content`
--

INSERT INTO `order_content` (`id`, `recipe_id`, `order_id`, `quantity`) VALUES
(1, 1, 1, 2),
(2, 2, 2, 2),
(3, 3, 3, 1),
(4, 4, 4, 3),
(5, 5, 5, 2),
(6, 6, 6, 1),
(7, 7, 7, 1),
(8, 8, 8, 2),
(9, 9, 9, 3),
(10, 10, 10, 1),
(11, 11, 11, 1),
(12, 4, 11, 2),
(13, 12, 12, 2),
(14, 6, 13, 1),
(15, 1, 13, 3);

-- --------------------------------------------------------

--
-- Table structure for table `rating`
--

CREATE TABLE `rating` (
  `id` int(10) NOT NULL,
  `activity_id` int(10) DEFAULT NULL,
  `rating` int(10) DEFAULT NULL
) ENGINE=MyISAM DEFAULT CHARSET=latin1;

--
-- Dumping data for table `rating`
--

INSERT INTO `rating` (`id`, `activity_id`, `rating`) VALUES
(1, 1, 4),
(2, 2, 5),
(3, 3, 3),
(4, 1, 5),
(5, 2, 4);

-- --------------------------------------------------------

--
-- Table structure for table `recipe`
--

CREATE TABLE `recipe` (
  `id` int(10) NOT NULL,
  `country_id` int(10) DEFAULT NULL,
  `name` varchar(50) DEFAULT NULL,
  `price` varchar(50) DEFAULT NULL,
  `instructions` text,
  `cooking_time` varchar(10) DEFAULT '00:00:00',
  `servings` int(10) DEFAULT NULL,
  `image` text,
  `status` varchar(5) DEFAULT 'I',
  `created_date` datetime DEFAULT CURRENT_TIMESTAMP,
  `updated_date` datetime DEFAULT NULL
) ENGINE=InnoDB DEFAULT CHARSET=latin1;

--
-- Dumping data for table `recipe`
--

INSERT INTO `recipe` (`id`, `country_id`, `name`, `price`, `instructions`, `cooking_time`, `servings`, `image`, `status`, `created_date`, `updated_date`) VALUES
(1, 1, 'Spinach-and-Pork Wantons', '300', 'In a skillet, cook the spinach, stirring, until wilted; transfer to a colander and squeeze dry. Finely chop the spinach. In a bowl, combine 1 1/2 teaspoons of the soy sauce, the sesame oil, sherry, salt, sugar and white pepper. Mix in the pork, scallion, ginger and spinach. Chill for 10 minutes. Dust a large baking sheet with cornstarch. Arrange 4 wonton wrappers on a work surface, keeping the other wrappers covered with plastic wrap. Brush the edges of the wrappers with water and spoon 1 teaspoon of filling in the center of each. Fold the wrappers diagonally over the filling to form triangles; seal. Bring the two opposite corners of the triangle together; press to seal. Transfer to the baking sheet and cover. Repeat. In a large saucepan of boiling water, simmer the wontons over moderate heat, stirring occasionally. When they float, cook for 3 minutes longer. Drain the wontons well. In a large bowl, combine the remaining soy sauce with the chile oil, peanut oil and garlic. Add the wontons and toss. Sprinkle with the cilantro and serve', '60', 8, 'a.jpg', 'U', '2018-11-28 16:43:56', '2018-11-28 16:43:56'),
(2, 1, 'Stir-Fried Chicken With Chinese Cabbage ', '350', 'In a medium bowl, combine the chicken with the 1 tablespoon soy sauce, 1 tablespoon of the sherry, and the cayenne. Let marinate for 10 minutes. In a wok or large frying pan, heat 1 tablespoon of the oil over moderately high heat. Add the chicken and cook, stirring, until almost done, 1 to 2 minutes. Add the remaining 1 tablespoon oil to the pan. Add the onion, garlic, and coriander. Cook, stirring, until the onions are golden, about 4 minutes. Add the remaining 2 tablespoons sherry and the vinegar. Cook, stirring, 1 minute longer. Add the cabbage, water chestnuts, the remaining 4 teaspoons soy sauce, the tomato paste, red-pepper flakes, and water and cook, stirring, for 3 minutes longer. Add the chicken and any accumulated juices, the cilantro, and the salt and cook, stirring, until the chicken is just done, 1 to 2 minutes longer.', '30', 4, 'a.jpg', 'U', '2018-11-28 16:43:57', '2018-11-28 16:43:57'),
(3, 3, 'Yakitori-Style Pan-Roasted Duck Breast', '400', '	In a small saucepan, stir the dashi powder into 1 cup of water until dissolved. Add the sake, soy sauce, mirin and sugar and bring to boil. Simmer over moderately low heat until syrupy and reduced to 1 cup, about 1 hour. Transfer all but 1/3 cup of the sauce to a jar and reserve for later use.\r\n	In a large skillet, heat the peanut oil over moderate heat until shimmering. Add the duck breasts and cook until almost medium-rare, about 4 minutes per side. Add the reserved 1/3 cup of sauce to the pan and cook the duck breasts for 4 minutes longer, swirling the pan and turning the duck once or twice until glazed. Remove from the heat and let rest for 5 minutes.\r\n	Transfer the duck to a platter and drizzle with the glaze from the pan. Sprinkle the duck with the scallions and sesame seeds and serve.', '95', 6, 'a.jpg', 'A', '2018-11-28 16:43:58', '2018-11-28 16:43:58'),
(4, 3, 'Eggplant Tempura', '200', 'In a large bowl, whisk together the flour and water until smooth. Set aside. Place the panko in a bowl and set aside.\r\nIn a large saucepan heat 2 inches of oil to 350° over medium-high heat. Dip the eggplant in the flour/water mixture. Shake off excess batter. Roll the coated eggplant in the panko until completely coated. Fry the eggplant until golden brown and crisp, about 3 minutes. Drain on paper towels or a wire rack.', '30', 4, 'a.jpg', 'A', '2018-11-28 16:43:59', '2018-11-28 16:43:59'),
(5, 4, 'Chicken-And-Pork Adobo', '250', '    In a pot over medium heat, heat oil. Add onions and garlic and cook until limp. Add pork and cook, stirring occasionally, until lightly browned. Add chicken and cook, stirring occasionally, until lightly browned and juices run clear. Add vinegar and bring to a boil, uncovered and without stirring, for about 3 to 5 minutes. Add soy sauce, water and bay leaves. Continue to boil for about 2 to 3 minutes. Lower heat, cover and continue to cook until meat is tender and sauce is reduced. Season with salt and pepper to taste. Serve hot.', '80', 6, 'a.jpg', 'A', '2018-11-28 16:43:59', '2018-11-28 16:43:59'),
(6, 4, 'Filipino Pork Barbecue', '300', 'Rinse pork strips and drain well. Pat dry. In a large bowl, combine 7-up, soy sauce, vinegar, brown sugar, black pepper, garlic, chili peppers and 1 cup of the oyster sauce. Add pork and massage meat to fully incorporate. Marinate, turning meat once or twice, in the refrigerator for at least 4 hours or overnight for best results. In a bowl, combine remaining 1 cup of oyster sauce, banana ketchup, and sesame oil. Set aside. Thread 2 to 3 meat slices onto each skewer. Grill meat over hot coals for about 2 to 3 minutes each side. When pork starts to lose its pink, baste with oyster sauce-ketchup mixture. Continue to grill and baste, turning on sides, until meat is cooked through. Remove from heat and serve as is or with spicy vinegar dip.', '50', 6, 'a.jpg', 'A', '2018-11-28 16:44:01', '2018-11-28 16:44:01'),
(7, 12, 'Baked Beans', '150', 'Soak beans overnight in cold water. Simmer the beans in the same water until tender, approximately 1 to 2 hours. Drain and reserve the liquid. Preheat oven to 325 degrees F (165 degrees C). Arrange the beans in a 2 quart bean pot or casserole dish by placing a portion of the beans in the bottom of dish, and layering them with bacon and onion. In a saucepan, combine molasses, salt, pepper, dry mustard, ketchup, Worcestershire sauce and brown sugar. Bring the mixture to a boil and pour over beans. Pour in just enough of the reserved bean water to cover the beans. Cover the dish with a lid or aluminum foil. Bake for 3 to 4 hours in the preheated oven, until beans are tender. Remove the lid about halfway through cooking, and add more liquid if necessary to prevent the beans from getting too dry.', '265', 8, 'a.jpg', 'U', '2018-11-28 16:44:03', '2018-11-28 16:44:03'),
(8, 12, 'Meat Loaf With Bacon', '200', 'Heat oven to 350° F. In a medium skillet, over medium heat, heat the oil with the onion, celery, garlic, and jalapeño and cook until the vegetables are tender but not browned, about 10 minutes. Add the salt, cumin, and nutmeg. Remove from heat. In a large bowl, whisk the eggs, then blend in the milk, tomato sauce, and bread crumbs. Add the meat and cooked vegetables and stir or work with your hands to combine. Pat into a 9-by-5-inch loaf pan. Cut the bacon strips in half and lay over the loaf, tucking the ends in. Bake 1 hour and 15 minutes or until an instant-read thermometer inserted in the meat loaf registers 150° F. Remove from oven and pour off the fat. Let stand 10 minutes before serving', '120', 8, 'a.jpg', 'U', '2018-11-28 16:44:04', '2018-11-28 16:44:04'),
(9, 7, 'Chicken Dijon', '250', 'In a large skillet, brown chicken in butter/margarine for about 15 to 20 minutes or until cooked through and juices run clear. Remove from skillet and place on a warm oven-proof platter. Preheat oven to 150 degrees F (65 degrees C). Stir flour into skillet drippings. Add broth and deglaze skillet by stirring vigorously until flour is somewhat dissolved and liquid has the consistency of a sauce. Add cream. Simmer, stirring, over moderate heat for about 10 minutes until sauce is a little thick. Stir in mustard and heat through. Pour mustard sauce over chicken breasts. Put platter in warm preheated oven for about 10 to 15 minutes, then serve!', '45', 4, 'a.jpg', 'A', '2018-11-28 16:44:04', '2018-11-28 16:44:04'),
(11, 10, 'Grilled-Chicken Tacos', '250', 'Prepare grill for medium-high heat. Toss onion, garlic, chicken, cumin, oil, salt, and pepper in a medium bowl. Grill onion and chicken until cooked through and lightly charred, about 4 minutes per side. Let chicken rest 5 minutes before slicing. Serve with tortillas, avocados, Charred Tomatillo Salsa Verde, cilantro, radishes, and lime wedges. ', '30', 6, 'a.jpg', 'U', '2018-11-28 17:27:05', '2019-01-16 13:14:49'),
(12, 10, 'Baked Huevos Rancheros ', '150', 'Preheat the oven to 400°. In a saucepan, heat the olive oil. Add the onion, bell pepper, jalapeño, garlic and oregano. Season with salt and pepper and cook over high heat, stirring, until lightly browned, 5 minutes. Add the tomato sauce and water and simmer for 5 minutes, until slightly thickened. Spoon the sauce into 4 individual, shallow baking dishes and arrange the tortilla chips around the sides. Crack 2 eggs into each dish and sprinkle with the cheese. Set the dishes on a baking sheet and bake for 15 to 20 minutes, until the egg whites are set and the yolks are still runny. Sprinkle with cilantro and serve right away.', '45', 4, 'a.jpg', 'U', '2018-11-28 17:27:06', '2018-11-28 17:27:06'),
(13, 4, 'Sinigang Na Baboy', '250', 'Wash pork ribs. In a pot over medium heat, combine pork and enough water to cover. Bring to a boil, skimming off scum that accumulates on top. Once broth clears, add tomatoes, onions and fish sauce. Lower heat and simmer for about 1 to 1-1/2 hours or until meat is tender, adding more water as necessary to maintain about 10 cups. Add gabi and cook for about 6 to 8 minutes or until soft. Add chili and radish. Continue to simmer for about 2 to 3 minutes. Add long beans. Continue to cook for about 2 minutes. Add eggplant and okra and cook for another 1 to 2 minutes. If using packaged tamarind base, add into pot and stir until completely dissolved. Season with salt and pepper to taste', '80', 3, 'a.jpg', 'A', '2018-12-05 19:02:19', '2018-12-05 19:02:19'),
(16, 1, 'Peri Peri Chicken Satay ', '280', 'Soak the skewers for at least 60 minutes or more totally submerged in water before using it to prevent burns. You may skip this part if pan grilling. Marinate thigh chicken with yogurt, chilli powder, ginger garlic paste, peri peri sauce, salt and pepper. Refrigerate and use when ready. You may make this a day or more ahead of time. Place in a zip lock bag, or sealed containers and refrigerate for at least 2 hours, preferably overnight. When ready to grill. Using tong remove excess marinates and reserve. Pre heat grill to medium- high heat. Place chicken over medium heat, and then brush with oil to prevent chicken from sticking. Grill for about 10 to 15 minutes, rotating from sides for even cooking. Keep an eye on it -- if they are browning too quickly, turn the heat down. Grill in batches if you have a small grill. Transfer the skewers to a platter. In a small saucepan simmer the remaining peri peri marinade and the one from the chicken for about 7 minutes. Serve with chicken, heat oil and prepare the potatoes fries, serve as a bed for chicken.', '145', 2, 'a.jpg', 'A', '2019-01-27 05:12:51', NULL),
(17, 1, 'Honey Chilli Potato ', '130', 'For Frying Potatoes: Take two potatoes and cut them into slices in a bowl.Honey Chilli Potato. In the bowl add corn flour, salt and red chilli powder.Honey Chilli Potato. Toss them well so that the mixture coats the sliced potatoes properly. Now heat oil in a broad pan and deep fry the potatoes on medium flame till golden brown and crisp.Honey Chilli Potato. Do not fry on high flame otherwise they will burn from outside and remain uncooked from inside. In another pan dry roast the sesame seeds on low heat till light brown and keep aside.Honey Chilli Potato. For Preparing Honey Chilli Sauce: Heat oil and add garlic, ginger, whole red chillies, chilli flakes and tomato sauce. Stir well.Honey Chilli Potato. Now add chilli sauce, vinegar, honey and salt. Mix all the ingredients well to make a sauce.Honey Chilli Potato. Add the fried potatoes and coat them well with the sauce. Toss well and sprinkle the roasted sesame seeds and spring onions.Honey Chilli Potato. Combine the ingredients well and serve the crunchy honey chilli potatoes immediately.', '25', 2, 'a.jpg', 'U', '2019-01-27 05:20:50', NULL),
(18, 1, 'Stir Fried Tofu with Rice ', '180', 'Drizzle refined oil in a preheated pan and add chopped mariner and stir well. Then add ginger, garlic, shallots and salt & pepper. Add red chilly paste, soya sauce and honey. Add some coriander leaves and mix it all together. For the fried rice: Drizzle olive oil in a pre-heated pan and add carrots, spring onions, ginger and salt & pepper. Then add fresh red chilly, lemon juice and soya sauce and stir all together. Add some chopped coriander leaves. Cook it away for 5-7 minutes. Serve it on a platter.', '40', 3, 'a.jpg', 'U', '2019-01-27 05:20:50', NULL),
(19, 2, 'Tandoori Chicken', '500', 'Make shallow diagonal slashes in the chicken pieces and keep aside. Mix the tandoori masala with the yogurt, 2 tbsp. cooking oil, garlic paste and salt to taste to make a smooth paste. Smear this paste all over the chicken pieces, ensuring you rub it well into the slashes you made earlier and that the pieces are well coated. Put all the pieces and marinade into a deep bowl and cover. Refrigerate and allow to marinate for 12 to 18 hours. Preheat your grill to medium. Put the chicken on it and quickly sear (sealing in juices) on both sides. Now allow to brown on both sides, brushing cooking oil on as necessary. Once browned, reduce heat and cover the grill. Cook till the chicken is tender. Do not overcook or the chicken will dry out. When done, place chicken on a plate or platter and sprinkle chaat masala, garnish with lime juice, lime wedges and onion rings. Serve piping hot.', '1095', 6, 'a.jpg', 'A', '2019-01-27 05:34:50', NULL),
(20, 2, 'Indian Lamb Dish', '350', 'In a bowl, mix the lamb and yogurt and keep aside. This will tenderize the lamb. Heat the oil in a deep pan and add the cinnamon, cardamom, cloves, bay leaves, and peppercorns. Fry till they turn slightly darker in color. Now add the onions and fry until they turn light golden. Add the ginger and garlic pastes and fry for a minute. Add the coriander, cumin, turmeric, Kashmiri chilies, and garam masala and fry until the oil separates from the masala. Add the meat and yogurt mix to the masala and fry well. Add the beef stock, water, and salt, to taste. Cook till the gravy is reduced. Stir often. The gravy should be thick when done. Whisk the cream until smooth. Stir it into the curry to mix well. Garnish with coriander leaves and serve with plain boiled rice or pulao and a vegetable side dish.', '70', 4, 'a.jpg', 'A', '2019-01-27 05:34:50', NULL),
(21, 2, 'Punjabi-Style Chole Chickpea Curry ', '380', 'Grind 2 of the sliced onions, the tomatoes, and the ginger and garlic paste together into a smooth paste in a food processor. Heat the vegetable oil in a deep, thick-bottomed pan on medium heat. Add the bay leaves, cloves, cardamom, and peppercorns and sauté until slightly darker and mildly fragrant. Add the remaining sliced onion and fry until light golden in color. Add the onion-tomato paste you made earlier and fry till the oil begins to separate from the paste. Add the dry, powdered spices—cumin, coriander, red chili, turmeric, and garam masala powders. Sauté, stirring frequently, for 5 more minutes. Drain the water in the can from the chickpeas and rinse them well under running water. Now add the chickpeas to the masala you fried up earlier. Stir to mix everything well. Add salt to taste and enough hot water to make the gravy—about 1 1/2 cups. Simmer and cook covered for 10 minutes. Use a flat spoon or potato masher to mash some of the chickpeas coarsely. Stir to mix everything well. Garnish with juliennes of ginger and finely chopped fresh coriander leaves. A squeeze of lemon and a handful of very finely chopped onion tastes great as a garnish too.', '60', 3, 'a.jpg', 'U', '2019-01-27 05:34:50', NULL),
(22, 5, 'Spicy Pork and Kimchi Stirfry', '310', '    In a bowl, add 1-4 tbsps of gochujang depending on how you want your level of spiciness. Make up any difference with 1-4 tbsps of soy sauce. For example, if you prefer a mild taste, add 2 tbsps of gochujang and 2 tbsps of soy sauce but the total combination should not be more than 4 tbsps. Add sesame oil, minced garlic, ginger juice or powder, sugar and pinch of black ground pepper. If desired, add 2 tbsps of red pepper flakes to make it spicier. Mix all ingredients well and put aside for later use. For pork loins, use a meat tenderizer and lightly beat on meat until they are become very thin. Cut into desired, bite sized pieces thereafter. For pork bellies, cut thin strips into bite size pieces. Add pork meat to the bowl of sauce that was prepared earlier and thoroughly marinate meat. Optimal time for meat to marinate is 30 minutes put aside to prepare vegetables. Cut onion and carrot into thin strips, and cut green onion diagonally. Bell pepper and jalapeños are optional. In a large pan, stir-fry pork for about 4-5 minutes in med-high heat. Add kimchi along with vegetables into mix. Cook until pork is thoroughly cooked. To prepare tofu, boil water in pot and add entire block of tofu for 3-5 minutes in hot water. Rinse with cool water and cut them into smaller, bite-sized \"blocks.\" Place pork and kimchi stirfry in middle of plate and garnish with tofu around the plate.', '80', 3, 'a.jpg', 'A', '2019-01-27 06:45:33', NULL),
(23, 5, 'Dae-ji Bul-go-gi', '180', 'Combine all the ingredients except pork to make its base marinating sauce. Stir in a large mixing bowl. Add the pork and marinate for 30-60 minutes. Grill or pan-fry and serve with steamed rice.\r\n', '65', 2, 'a.jpg', 'A', '2019-01-27 06:45:33', NULL),
(24, 6, 'Sukhothai Pad Thai', '260', 'To prepare Pad Thai sauce: In a medium saucepan over medium heat, blend sugar, vinegar, soy sauce and tamarind pulp. To make Pad Thai: Soak rice noodles in cold water until soft; drain. In a large skillet or wok over medium heat, warm oil and add garlic and eggs; scramble the eggs. Add tofu and stir until well mixed; add noodles and stir until cooked. Stir in Pad Thai sauce, 1 1/2 tablespoons sugar and 1 1/2 teaspoons salt. Stir in peanuts and ground radish. Remove from heat and add chives and paprika. Serve with lime and bean sprouts on the side.', '30', 8, 'a.jpg', 'A', '2019-01-27 06:53:16', NULL),
(25, 6, 'Thai Chicken with Basil Stir Fry', '330', 'Bring rice and water to a boil in a pot. Cover, reduce heat to low, and simmer 20 minutes. In a bowl, mix the coconut milk, soy sauce, rice wine vinegar, fish sauce, and red pepper flakes. In a skillet or wok, heat the oil over medium-high heat. Stir in the onion, ginger, and garlic, and cook until lightly browned. Mix in chicken strips, and cook about 3 minutes, until browned. Stir in the coconut milk sauce. Continue cooking until sauce is reduced be about 1/3. Mix in mushrooms, green onions, and basil, and cook until heated through. Serve over the cooked rice.', '35', 6, 'a.jpg', 'A', '2019-01-27 06:53:16', NULL),
(26, 6, 'Spicy Basil Chicken', '290', 'Heat the oil in a skillet over medium-high heat, and cook the garlic and chile peppers until golden brown. Mix in chicken and sugar, and season with garlic salt and pepper. Cook until chicken is no longer pink, but not done. Stir oyster sauce into the skillet. Mix in mushrooms and onions, and continue cooking until onions are tender and chicken juices run clear. Remove from heat, and mix in basil. Let sit 2 minutes before serving.', '30', 4, 'a.jpg', 'A', '2019-01-27 06:55:36', NULL),
(27, 8, 'Lamb kleftiko', '680', 'Crush together the garlic cloves and 1 tsp salt using a pestle and mortar. Add the herbs, lemon zest, cinnamon, some black pepper, crush a little more, then stir through 2 tbsp of the olive oil. Using a sharp knife, create lots of holes all over the lamb, and rub in the paste, pushing it deep into the holes. Transfer the lamb to a large food bag, pour in the lemon juice and marinate overnight. The next day, take the lamb out of the fridge 1 hr before you want to cook it. Heat oven to 160C/140C fan/gas 3. Lay 2 long pieces of baking parchment on top of 2 long pieces of foil – one widthways, the other lengthways to form a cross. Pop the potatoes in the centre of the parchment and toss with the remaining oil and some seasoning. Bring up the sides of the foil, then pour the marinade from the lamb over the potatoes and throw in the bay leaves.  \r\nSet the lamb on top of the potatoes and scrunch the foil together tightly to completely enclose the lamb. Lift into a roasting tin and roast in the oven for 4½ hrs until very tender. Remove tin from the oven and increase the temperature to 220C/200C fan/gas 7. Unwrap the parcel and scrunch the foil and parchment under the rim of the tin, baste the lamb with the juices and return to the oven for a further 20 mins until browned. Remove the lamb from the tin, wrap in foil and rest. Turn the potatoes over and return to the oven for 30 mins, then season with salt. While the potatoes are cooking, stir together all the ingredients for the yogurt. Combine the red wine vinegar, oil and some seasoning to make a dressing for the salad. Toss together the remaining salad ingredients, adding the dressing when you’re ready to eat. Serve the lamb with the potatoes and meaty juices, with the salad and yogurt on the side.', '320', 6, 'a.jpg', 'A', '2019-01-27 07:04:28', NULL),
(28, 8, 'Greek-style roast fish', '300', 'Heat oven to 200C/180C fan/gas 6. Tip the potatoes, onion, garlic, oregano and olive oil into a roasting tin, season, then mix together with your hands to coat everything in the oil. Roast for 15 mins, turn everything over and bake for 15 mins more. Add the lemon and tomatoes, and roast for 10 mins, then top with the fish fillets and cook for 10 mins more. Serve with parsley scattered over.', '50', 2, 'a.jpg', 'I', '2019-01-27 07:04:28', NULL),
(29, 8, 'Lamb burgers with tzatziki', '150', 'Tip the bulghar into a pan, cover with water and boil for 10 mins. Drain really well in a sieve, pressing out any excess water. To make the tzatziki, squeeze and discard the juice from the cucumber, then mix into the yogurt with the chopped mint and a little salt. Work the bulghar into the lamb with the spices, garlic (if using) and seasoning, then shape into 4 burgers. Brush with a little oil and fry or barbecue for about 5 mins each side until cooked all the way through. Serve in the buns (toasted if you like) with the tzatziki, tomatoes, onion and a few mint leaves.', '00:25:00', 4, 'a.jpg', 'A', '2019-01-27 07:04:28', NULL),
(30, 11, 'Paella', '220', 'In a medium bowl, mix together 2 tablespoons olive oil, paprika, oregano, and salt and pepper. Stir in chicken pieces to coat. Cover, and refrigerate.  Heat 2 tablespoons olive oil in a large skillet or paella pan over medium heat. Stir in garlic, red pepper flakes, and rice. Cook, stirring, to coat rice with oil, about 3 minutes. Stir in saffron threads, bay leaf, parsley, chicken stock, and lemon zest. Bring to a boil, cover, and reduce heat to medium low. Simmer 20 minutes. Meanwhile, heat 2 tablespoons olive oil in a separate skillet over medium heat. Stir in marinated chicken and onion; cook 5 minutes. Stir in bell pepper and sausage; cook 5 minutes. Stir in shrimp; cook, turning the shrimp, until both sides are pink. Spread rice mixture onto a serving tray. Top with meat and seafood mixture.', '01:00:00', 8, 'a.jpg', 'U', '2019-01-27 07:12:06', NULL),
(31, 11, 'Fried Empanadas', '365', '1.	In a medium bowl, stir together the flour and salt. Cut in shortening using a pastry blender, or pinching into small pieces using your fingers, until the mixture resembles coarse crumbs. Use a fork to stir in water a few tablespoons at a time, until the mixture forms a ball. Pat into a ball, and flatten slightly. Wrap in plastic wrap and refrigerate for 1 hour. Heat the oil in a large skillet over medium heat. Add the onion and cook until tender. Crumble in the beef, and season with salt, paprika, cumin and black pepper. Cook, stirring frequently, until beef is browned. Drain excess grease, and stir in the raisins and vinegar. Refrigerate until chilled, then stir in the hard-cooked eggs. Form the dough into 2 inch balls. On a floured surface, roll each ball out into a thin circle. Spoon some of the meat mixture onto the center, then fold into half-moon shapes. Seal edges by pressing with your fingers. Heat oil in a deep-fryer to 365 degrees F (180 degrees C). Place one or two pies into the fryer at a time. Cook for about 5 minutes, turning once to brown on both sides. Drain on paper towels, and serve hot.', '02:20:00', 24, 'a.jpg', 'U', '2019-01-27 07:12:06', NULL),
(32, 11, 'Beef Tenderloin Asturias', '420', 'Heat olive oil in a large skillet over medium-high heat until smoking. Season steaks to taste with salt and pepper, then sear on both sides in hot oil. Reduce heat to medium and continue cooking until steaks reach desired doneness, about 6 minutes for medium-rare. Remove steaks from skillet and keep warm. Stir in minced onion and cook until softened and translucent, about 5 minutes. Season with paprika and cook for an additional minute. Increase heat to medium-high, then pour in wine. Simmer until the wine has reduced by half, then add the beef broth, return to a simmer, and cook for 2 minutes. Stir in the crumbled blue cheese until just melted. To serve, pour the sauce over the steaks and sprinkle with chopped parsley. ', '00:35:00', 4, 'a.jpg', 'U', '2019-01-27 07:12:06', NULL),
(33, 9, 'Chicken Parmesan', '400', 'Combine breadcrumbs, flour, and ground red pepper in a small bowl, and set aside. Place chicken between two sheets of heavy-duty plastic wrap, and flatten to 1/4-inch thickness, using a meat mallet or rolling pin. Dip 1 chicken breast in egg whites, and coat with breadcrumb mixture. Dip again in egg mixture, and coat again in breadcrumb mixture. Repeat procedure with remaining chicken breast. Cook chicken in hot oil over medium heat 2 to 3 minutes on each side or until done. Place chicken breasts in a single layer in a lightly greased 8-inch square baking dish. Top evenly with Tomato Sauce and cheeses. Bake at 350° for 20 minutes or until cheeses melt.', '00:36:00', 2, 'a.jpg', 'U', '2019-01-27 07:17:19', NULL),
(34, 9, 'Spaghetti with Pork Bolognese', '500', 'Heat olive oil in a large Dutch oven over medium heat. Add onion, carrot, celery, garlic, 1/4 teaspoon salt, and bay leaf to pan; cook 8 minutes or until vegetables are tender, stirring occasionally. Increase heat to medium-high. Add ground pork tenderloin, ground pork, pancetta, and 1/4 teaspoon salt; sauté 8 minutes or until pork loses its pink color. Stir in tomato paste; cook 1 minute. Add tomato and next 5 ingredients (through rind); bring to a boil. Reduce heat, and simmer 45 minutes. Add cinnamon; simmer 30 minutes or until most of liquid evaporates. Discard bay leaf, rind, and cinnamon stick; stir in remaining 1/2 teaspoon salt and pepper. Arrange 1 cup noodles on each of 8 plates; top each with about 3/4 cup sauce. Sprinkle each serving with 1 tablespoon grated cheese and 1 tablespoon parsley.', '01:20:00', 8, 'a.jpg', 'U', '2019-01-27 07:17:19', NULL);

-- --------------------------------------------------------

--
-- Table structure for table `recipe_ingredients`
--

CREATE TABLE `recipe_ingredients` (
  `id` int(10) NOT NULL,
  `ingredient_id` int(10) DEFAULT NULL,
  `recipe_id` int(10) DEFAULT NULL,
  `ingredient_amount` varchar(50) DEFAULT NULL,
  `method` varchar(10) NOT NULL
) ENGINE=InnoDB DEFAULT CHARSET=latin1;

--
-- Dumping data for table `recipe_ingredients`
--

INSERT INTO `recipe_ingredients` (`id`, `ingredient_id`, `recipe_id`, `ingredient_amount`, `method`) VALUES
(1, 4, 1, '1', ''),
(2, 2, 2, '11', 'chopped'),
(3, 3, 3, '12', 'sliced'),
(16, 16, 1, '3', ''),
(17, 17, 1, '50', ''),
(18, 18, 1, '27', ''),
(19, 19, 1, '100', ''),
(20, 20, 1, '200', ''),
(21, 21, 1, '200', 'minced'),
(22, 22, 1, '1', ''),
(23, 15, 2, '5', ''),
(24, 23, 2, '0.1', ''),
(25, 11, 2, '110', ''),
(26, 24, 1, '1', ''),
(27, 3, 1, '10', ''),
(28, 28, 1, '0.1', ''),
(29, 1, 2, '1', 'boneless'),
(30, 25, 2, '80', ''),
(31, 3, 2, '10', ''),
(32, 29, 2, '0.02', ''),
(33, 24, 2, '0.08', ''),
(34, 27, 2, '35', 'chopped'),
(35, 14, 2, '20', ''),
(36, 1, 16, '0.2', 'trimmed'),
(37, 30, 16, '100', ''),
(38, 31, 16, '5', ''),
(39, 32, 16, '5', ''),
(40, 2, 16, '25', ''),
(41, 8, 16, '100', ''),
(42, 14, 16, '10', ''),
(43, 15, 16, '20', ''),
(44, 12, 17, '200', 'sliced'),
(45, 14, 17, '120', ''),
(46, 26, 17, '0.2', 'chopped'),
(47, 2, 17, '80', ''),
(48, 21, 17, '20', ''),
(49, 11, 17, '200', ''),
(50, 23, 17, '0.1', ''),
(51, 33, 17, '200', ''),
(52, 3, 17, '90', ''),
(53, 34, 18, '1000', ''),
(54, 31, 18, '20', ''),
(55, 36, 18, '10', ''),
(56, 35, 18, '20', 'chopped'),
(57, 2, 18, '15', 'chopped'),
(58, 21, 18, '8', 'chopped'),
(59, 3, 18, '5', ''),
(60, 33, 18, '20', ''),
(61, 32, 18, '10', 'chopped'),
(62, 1, 19, '1.3', ''),
(63, 37, 19, '40', ''),
(64, 2, 19, '10', ''),
(65, 30, 19, '10', ''),
(66, 14, 19, '10', ''),
(67, 18, 19, '0.1', ''),
(68, 3, 19, '20', 'chopped'),
(69, 38, 20, '1.2', 'cubed'),
(70, 30, 20, '35', ''),
(71, 18, 20, '0.3', ''),
(72, 39, 20, '10', ''),
(73, 40, 20, '8', ''),
(74, 41, 20, '12', ''),
(75, 15, 20, '5', ''),
(76, 3, 20, '20', 'chopped'),
(77, 2, 20, '12', ''),
(78, 21, 20, '15', ''),
(79, 32, 20, '10', ''),
(80, 3, 21, '40', 'sliced'),
(81, 11, 21, '20', 'chopped'),
(82, 21, 21, '10', 'julienned'),
(83, 42, 21, '200', ''),
(84, 2, 21, '10', ''),
(85, 18, 21, '0.1', ''),
(86, 31, 21, '20', ''),
(87, 41, 21, '20', ''),
(88, 32, 21, '5', 'chopped'),
(89, 40, 21, '10', ''),
(90, 14, 21, '10', ''),
(91, 44, 3, '20', ''),
(92, 43, 3, '0.3', ''),
(93, 17, 3, '0.1', ''),
(94, 19, 3, '50', ''),
(95, 28, 3, '0.1', ''),
(96, 45, 3, '1.5', 'skinned'),
(97, 46, 3, '3', 'roasted'),
(98, 49, 4, '300', 'halved'),
(99, 48, 4, '20', ''),
(100, 47, 4, '80', ''),
(101, 29, 4, '0.2', ''),
(102, 17, 4, '100', ''),
(103, 1, 5, '1', 'sliced'),
(104, 4, 5, '1', 'cubed'),
(105, 29, 5, '0.1', ''),
(106, 3, 5, '20', 'sliced'),
(107, 2, 5, '10', 'minced'),
(108, 17, 5, '200', ''),
(109, 23, 5, '0.1', ''),
(110, 14, 5, '20', ''),
(111, 15, 5, '20', ''),
(112, 4, 6, '2.5', 'sliced'),
(113, 17, 6, '100', ''),
(114, 23, 6, '0.1', ''),
(115, 15, 6, '10', ''),
(116, 19, 6, '40', ''),
(117, 2, 6, '20', 'minced'),
(118, 31, 6, '10', 'minced'),
(119, 51, 6, '20', ''),
(120, 50, 6, '20', ''),
(121, 18, 6, '0.1', ''),
(122, 4, 13, '2', 'sliced'),
(123, 11, 13, '20', 'quartered'),
(124, 3, 13, '20', 'quartered'),
(125, 52, 13, '20', 'halved'),
(126, 53, 13, '15', 'sliced'),
(127, 54, 13, '40', 'trimmed'),
(128, 55, 13, '30', 'trimmed'),
(129, 56, 13, '10', ''),
(130, 14, 13, '10', ''),
(131, 15, 13, '10', ''),
(132, 17, 22, '80', ''),
(133, 2, 22, '10', 'minced'),
(134, 18, 22, '0.1', ''),
(135, 21, 22, '10', ''),
(136, 19, 22, '10', ''),
(137, 15, 22, '5', ''),
(138, 34, 22, '80', ''),
(139, 4, 22, '1', ''),
(140, 57, 22, '100', ''),
(141, 3, 22, '10', ''),
(142, 9, 22, '20', ''),
(143, 4, 23, '1', 'sliced'),
(144, 17, 23, '60', ''),
(145, 2, 23, '10', 'crushed'),
(146, 21, 23, '10', 'crushed'),
(147, 19, 23, '20', ''),
(148, 3, 23, '15', ''),
(149, 18, 23, '0.1', ''),
(150, 43, 23, '0.1', ''),
(151, 19, 24, '90', ''),
(152, 23, 24, '0.1', ''),
(153, 17, 24, '100', ''),
(154, 56, 24, '20', ''),
(155, 60, 24, '100', 'packaged'),
(156, 29, 24, '0.1', ''),
(157, 2, 24, '10', 'minced'),
(158, 58, 24, '4', ''),
(159, 34, 24, '10', 'into strip'),
(160, 14, 24, '10', ''),
(161, 53, 24, '20', 'grounded'),
(162, 54, 24, '20', ''),
(163, 59, 24, '10', ''),
(164, 61, 25, '20', ''),
(165, 19, 25, '20', ''),
(166, 28, 25, '0.1', ''),
(167, 2, 25, '10', 'minced'),
(168, 1, 25, '1', 'skinned'),
(169, 5, 25, '20', ''),
(170, 21, 25, '10', ''),
(171, 26, 26, '0.4', ''),
(172, 2, 26, '10', ''),
(173, 31, 26, '10', ''),
(174, 19, 26, '20', ''),
(175, 1, 26, '1.3', ''),
(176, 14, 26, '18', ''),
(177, 15, 26, '10', ''),
(178, 3, 26, '10', ''),
(179, 51, 26, '100', ''),
(180, 32, 26, '5', ''),
(181, 62, 26, '12', ''),
(182, 1, 9, '1', ''),
(183, 63, 9, '10', ''),
(184, 64, 9, '40', ''),
(185, 2, 27, '10', ''),
(186, 67, 27, '15', ''),
(187, 65, 27, '2', ''),
(188, 39, 27, '23', ''),
(189, 18, 27, '0.3', ''),
(190, 38, 27, '2', ''),
(191, 11, 27, '40', 'halved'),
(192, 66, 27, '30', 'quartered'),
(193, 69, 29, '25', ''),
(194, 38, 29, '0.5', ''),
(195, 41, 29, '10', ''),
(196, 32, 29, '10', ''),
(197, 59, 29, '10', ''),
(198, 2, 29, '10', ''),
(199, 29, 29, '0.1', ''),
(200, 68, 29, '10', ''),
(201, 30, 29, '20', ''),
(202, 70, 29, '20', ''),
(203, 71, 33, '20', ''),
(204, 73, 33, '10', ''),
(205, 15, 33, '5', 'grounded'),
(206, 1, 33, '1', 'skinned'),
(207, 58, 33, '2', 'beaten'),
(208, 18, 33, '0.1', ''),
(209, 11, 33, '30', ''),
(210, 72, 33, '15', 'grated'),
(211, 18, 34, '0.4', ''),
(212, 3, 34, '20', 'chopped'),
(213, 9, 34, '15', 'chopped'),
(214, 2, 34, '10', ''),
(215, 14, 34, '10', ''),
(216, 66, 34, '20', ''),
(217, 4, 34, '1', ''),
(218, 11, 34, '30', 'chopped'),
(219, 43, 34, '0.1', ''),
(220, 39, 34, '20', ''),
(221, 15, 34, '10', 'grounded'),
(222, 60, 34, '1000', ''),
(223, 74, 34, '12', 'grated'),
(224, 75, 30, '0.2', 'divided'),
(225, 59, 30, '20', ''),
(226, 67, 30, '30', ''),
(227, 14, 30, '10', ''),
(228, 15, 30, '10', ''),
(229, 1, 30, '1.3', 'skinned'),
(230, 2, 30, '10', 'crushed'),
(231, 76, 30, '0.2', ''),
(232, 66, 30, '10', ''),
(233, 3, 30, '12', 'chopped'),
(234, 77, 30, '600', 'crumbled'),
(235, 78, 30, '600', 'peeled'),
(236, 65, 30, '2', ''),
(237, 47, 31, '200', ''),
(238, 14, 31, '10', ''),
(239, 3, 31, '20', ''),
(240, 75, 31, '0.1', ''),
(241, 7, 31, '1', ''),
(242, 59, 31, '10', ''),
(243, 41, 31, '10', ''),
(244, 15, 31, '5', 'grounded'),
(245, 23, 31, '0.1', ''),
(246, 58, 31, '2', 'peeled'),
(247, 29, 31, '0.1', ''),
(248, 79, 31, '50', ''),
(249, 75, 32, '0.25', ''),
(250, 7, 32, '1', ''),
(251, 14, 32, '10', ''),
(252, 15, 32, '10', ''),
(253, 3, 32, '10', 'minced'),
(254, 59, 32, '10', ''),
(255, 80, 32, '0.25', ''),
(256, 81, 32, '5', ''),
(257, 72, 32, '20', ''),
(258, 3, 11, '20', 'in wedges'),
(259, 2, 11, '10', 'chopped'),
(260, 1, 11, '1', 'skinless'),
(261, 41, 11, '10', 'crushed'),
(262, 29, 11, '0.2', ''),
(263, 14, 11, '10', ''),
(264, 15, 11, '5', ''),
(265, 53, 11, '8', 'sliced'),
(266, 82, 11, '60', 'sliced'),
(267, 83, 11, '80', ''),
(268, 75, 12, '0.2', ''),
(269, 3, 12, '10', 'chopped'),
(270, 6, 12, '15', 'diced'),
(271, 31, 12, '10', 'minced'),
(272, 2, 12, '10', 'minced'),
(273, 67, 12, '14', 'crumbled'),
(274, 14, 12, '5', ''),
(275, 15, 12, '5', 'grounded'),
(276, 11, 12, '100', ''),
(277, 58, 12, '8', ''),
(278, 27, 12, '5', 'chopped'),
(279, 84, 7, '40', ''),
(280, 85, 7, '200', ''),
(281, 3, 7, '10', 'diced'),
(282, 14, 7, '20', ''),
(283, 15, 7, '5', ''),
(284, 50, 7, '20', ''),
(285, 19, 7, '35', ''),
(286, 75, 8, '0.1', ''),
(287, 3, 8, '10', 'chopped'),
(288, 87, 8, '1', 'chopped'),
(289, 2, 8, '10', 'minced'),
(290, 31, 8, '10', 'grounded'),
(291, 14, 8, '10', ''),
(292, 41, 8, '5', ''),
(293, 58, 8, '2', ''),
(294, 86, 8, '150', ''),
(295, 50, 8, '100', ''),
(296, 71, 8, '200', ''),
(297, 85, 8, '250', 'sliced'),
(298, 1, 8, '0.25', 'minced'),
(299, 4, 8, '0.25', 'minced'),
(300, 38, 8, '0.25', 'minced'),
(301, 7, 8, '0.5', ''),
(302, 8, 28, '400', 'scrubbed'),
(303, 3, 28, '30', 'sliced'),
(304, 2, 28, '30', 'chopped'),
(305, 67, 28, '100', ''),
(306, 75, 28, '0.005', ''),
(307, 65, 28, '0.5', 'halved'),
(308, 11, 28, '80', ''),
(309, 81, 28, '20', 'chopped'),
(310, 88, 28, '200', '');

-- --------------------------------------------------------

--
-- Table structure for table `region`
--

CREATE TABLE `region` (
  `id` int(10) NOT NULL,
  `name` varchar(50) DEFAULT NULL
) ENGINE=InnoDB DEFAULT CHARSET=latin1;

--
-- Dumping data for table `region`
--

INSERT INTO `region` (`id`, `name`) VALUES
(1, 'East'),
(2, 'West');

-- --------------------------------------------------------

--
-- Table structure for table `transaction`
--

CREATE TABLE `transaction` (
  `id` int(10) NOT NULL,
  `order_id` int(10) DEFAULT NULL,
  `total_cost` varchar(50) DEFAULT '0'
) ENGINE=InnoDB DEFAULT CHARSET=latin1;

--
-- Dumping data for table `transaction`
--

INSERT INTO `transaction` (`id`, `order_id`, `total_cost`) VALUES
(1, 1, NULL),
(2, 2, NULL),
(3, 3, NULL),
(4, 4, NULL),
(5, 5, NULL),
(6, 6, NULL),
(7, 7, NULL),
(8, 8, NULL),
(9, 9, NULL),
(10, 10, NULL),
(11, 11, NULL),
(12, 12, NULL),
(13, 13, NULL);

-- --------------------------------------------------------

--
-- Table structure for table `unit`
--

CREATE TABLE `unit` (
  `id` int(10) NOT NULL,
  `name` varchar(50) DEFAULT NULL
) ENGINE=MyISAM DEFAULT CHARSET=latin1;

--
-- Dumping data for table `unit`
--

INSERT INTO `unit` (`id`, `name`) VALUES
(1, 'Kilos'),
(2, 'Grams'),
(3, 'Liters'),
(4, 'mililiters'),
(5, 'Piece/s');

-- --------------------------------------------------------

--
-- Table structure for table `user`
--

CREATE TABLE `user` (
  `id` int(10) NOT NULL,
  `user_type_id` int(10) DEFAULT NULL,
  `username` varchar(50) DEFAULT NULL,
  `password` varchar(50) DEFAULT NULL,
  `status` varchar(5) DEFAULT NULL,
  `logged_in` varchar(5) DEFAULT '0',
  `created_date` datetime DEFAULT CURRENT_TIMESTAMP,
  `updated_date` datetime DEFAULT NULL
) ENGINE=InnoDB DEFAULT CHARSET=latin1;

--
-- Dumping data for table `user`
--

INSERT INTO `user` (`id`, `user_type_id`, `username`, `password`, `status`, `logged_in`, `created_date`, `updated_date`) VALUES
(1, 1, 'admin01', '40bd001563085fc35165329ea1ff5c5ecbdbbeef', 'A', '1', '2018-11-28 15:02:22', '2019-01-16 20:30:11'),
(2, 2, 'manager01', '40bd001563085fc35165329ea1ff5c5ecbdbbeef', 'A', '0', '2018-11-28 15:02:25', '2019-01-16 20:28:47'),
(3, 2, 'manager02', '40bd001563085fc35165329ea1ff5c5ecbdbbeef', 'A', '0', '2018-11-28 15:02:31', '2019-01-16 20:29:26'),
(4, 2, 'manager03', '40bd001563085fc35165329ea1ff5c5ecbdbbeef', 'A', '0', '2018-11-28 15:02:37', '2018-11-28 15:02:37'),
(5, 2, 'manager04', '40bd001563085fc35165329ea1ff5c5ecbdbbeef', 'A', '0', '2018-11-28 15:02:59', '2018-11-28 15:02:59'),
(6, 2, 'manager05', '40bd001563085fc35165329ea1ff5c5ecbdbbeef', 'A', '0', '2018-11-28 15:03:03', '2018-11-28 15:03:03'),
(7, 3, 'customer01', '40bd001563085fc35165329ea1ff5c5ecbdbbeef', 'A', '1', '2018-11-28 15:02:05', '2019-01-21 11:48:20'),
(8, 3, 'customer02', '40bd001563085fc35165329ea1ff5c5ecbdbbeef', 'A', '0', '2018-11-28 15:02:06', '2018-11-28 15:02:06'),
(9, 3, 'customer03', '40bd001563085fc35165329ea1ff5c5ecbdbbeef', 'A', '0', '2018-11-28 15:02:06', '2018-11-28 15:02:06'),
(10, 3, 'customer04', '40bd001563085fc35165329ea1ff5c5ecbdbbeef', 'A', '0', '2018-11-28 15:02:07', '2018-11-28 15:02:07'),
(11, 3, 'customer05', '40bd001563085fc35165329ea1ff5c5ecbdbbeef', 'I', '0', '2018-11-28 15:02:09', '2018-11-28 15:02:09'),
(12, 3, 'customer06', '40bd001563085fc35165329ea1ff5c5ecbdbbeef', 'A', '0', '2018-11-28 15:02:10', '2018-11-28 15:02:10'),
(13, 3, 'customer07', '40bd001563085fc35165329ea1ff5c5ecbdbbeef', 'A', '0', '2018-11-28 15:02:10', '2018-11-28 15:02:10'),
(14, 3, 'customer08', '40bd001563085fc35165329ea1ff5c5ecbdbbeef', 'A', '0', '2018-11-28 15:02:11', '2018-11-28 15:02:11'),
(15, 3, 'customer09', '40bd001563085fc35165329ea1ff5c5ecbdbbeef', 'I', '0', '2018-11-28 15:02:11', '2018-11-28 15:02:11'),
(16, 3, 'customer10', '40bd001563085fc35165329ea1ff5c5ecbdbbeef', 'A', '0', '2018-11-28 15:02:12', '2018-11-28 15:02:12'),
(17, 1, 'admin02', '40bd001563085fc35165329ea1ff5c5ecbdbbeef', 'A', '0', '2018-11-28 15:57:20', '2018-11-28 15:57:20'),
(18, 1, 'admin03', '40bd001563085fc35165329ea1ff5c5ecbdbbeef', 'A', '0', '2018-11-28 15:57:22', '2019-01-16 20:31:04'),
(19, 2, 'manager06', '40bd001563085fc35165329ea1ff5c5ecbdbbeef', 'I', '0', '2018-12-05 20:09:53', '2018-12-05 20:09:53'),
(20, 2, 'manager07', '40bd001563085fc35165329ea1ff5c5ecbdbbeef', 'A', '0', '2018-12-05 20:09:55', '2018-12-05 20:09:55'),
(21, 2, 'manager08', '40bd001563085fc35165329ea1ff5c5ecbdbbeef', 'A', '0', '2018-12-05 20:36:20', '2018-12-05 20:36:20'),
(22, 2, 'manager09', '40bd001563085fc35165329ea1ff5c5ecbdbbeef', 'A', '0', '2018-12-05 20:36:23', '2018-12-05 20:36:23'),
(23, 2, 'manager10', '40bd001563085fc35165329ea1ff5c5ecbdbbeef', 'A', '0', '2018-12-11 13:58:01', '2019-01-06 21:23:30'),
(24, 2, 'manager11', '40bd001563085fc35165329ea1ff5c5ecbdbbeef', 'I', '0', '2018-12-11 13:58:34', '2018-12-11 13:58:34');

-- --------------------------------------------------------

--
-- Table structure for table `user_activity`
--

CREATE TABLE `user_activity` (
  `id` int(10) NOT NULL,
  `recipe_id` int(10) DEFAULT NULL,
  `customer_id` int(10) DEFAULT NULL,
  `activity_type_id` int(10) DEFAULT NULL,
  `created_date` datetime DEFAULT CURRENT_TIMESTAMP
) ENGINE=InnoDB DEFAULT CHARSET=latin1;

--
-- Dumping data for table `user_activity`
--

INSERT INTO `user_activity` (`id`, `recipe_id`, `customer_id`, `activity_type_id`, `created_date`) VALUES
(1, 1, 1, 1, '2019-01-10 22:06:47'),
(2, 2, 2, 1, '2019-01-11 22:06:47'),
(3, 3, 3, 1, '2019-01-12 22:06:47'),
(4, 4, 4, 1, '2019-01-10 22:06:47'),
(5, 5, 5, 1, '2019-01-11 22:06:47'),
(6, 6, 6, 1, '2019-01-12 22:06:47'),
(7, 7, 7, 1, '2019-01-10 22:06:47'),
(8, 8, 8, 1, '2019-01-06 22:06:47'),
(9, 9, 9, 1, '2019-01-06 22:06:47'),
(10, 10, 10, 1, '2019-01-06 22:06:47'),
(11, 11, 1, 1, '2019-01-06 22:06:47'),
(12, 12, 2, 1, '2019-01-06 22:06:47'),
(13, 13, 3, 1, '2019-01-06 22:06:47'),
(15, 1, 1, 4, '2019-01-06 22:06:47'),
(16, 1, 2, 4, '2019-01-06 22:06:47'),
(17, 2, 3, 4, '2019-01-06 22:06:47'),
(18, 1, 1, 3, '2019-01-06 22:06:47'),
(19, 2, 1, 3, '2019-01-06 22:06:47'),
(20, 3, 1, 3, '2019-01-06 22:06:47'),
(21, 1, 2, 3, '2019-01-06 22:06:47'),
(22, 2, 3, 3, '2019-01-06 22:06:47');

-- --------------------------------------------------------

--
-- Table structure for table `user_type`
--

CREATE TABLE `user_type` (
  `id` int(10) NOT NULL,
  `type` varchar(50) DEFAULT NULL
) ENGINE=InnoDB DEFAULT CHARSET=latin1;

--
-- Dumping data for table `user_type`
--

INSERT INTO `user_type` (`id`, `type`) VALUES
(1, 'Administrator'),
(2, 'Branch Manager'),
(3, 'Customer');

--
-- Indexes for dumped tables
--

--
-- Indexes for table `activity_type`
--
ALTER TABLE `activity_type`
  ADD PRIMARY KEY (`id`);

--
-- Indexes for table `add_ingredient`
--
ALTER TABLE `add_ingredient`
  ADD PRIMARY KEY (`id`);

--
-- Indexes for table `administrator`
--
ALTER TABLE `administrator`
  ADD PRIMARY KEY (`id`);

--
-- Indexes for table `branch`
--
ALTER TABLE `branch`
  ADD PRIMARY KEY (`id`);

--
-- Indexes for table `branch_ingredients`
--
ALTER TABLE `branch_ingredients`
  ADD PRIMARY KEY (`id`);

--
-- Indexes for table `branch_manager`
--
ALTER TABLE `branch_manager`
  ADD PRIMARY KEY (`id`);

--
-- Indexes for table `branch_reports`
--
ALTER TABLE `branch_reports`
  ADD PRIMARY KEY (`id`);

--
-- Indexes for table `comment`
--
ALTER TABLE `comment`
  ADD PRIMARY KEY (`id`);

--
-- Indexes for table `counter`
--
ALTER TABLE `counter`
  ADD PRIMARY KEY (`id`);

--
-- Indexes for table `country`
--
ALTER TABLE `country`
  ADD PRIMARY KEY (`id`);

--
-- Indexes for table `customer`
--
ALTER TABLE `customer`
  ADD PRIMARY KEY (`id`);

--
-- Indexes for table `delivery`
--
ALTER TABLE `delivery`
  ADD PRIMARY KEY (`id`);

--
-- Indexes for table `ingredients`
--
ALTER TABLE `ingredients`
  ADD PRIMARY KEY (`id`);

--
-- Indexes for table `order_content`
--
ALTER TABLE `order_content`
  ADD PRIMARY KEY (`id`);

--
-- Indexes for table `rating`
--
ALTER TABLE `rating`
  ADD PRIMARY KEY (`id`);

--
-- Indexes for table `recipe`
--
ALTER TABLE `recipe`
  ADD PRIMARY KEY (`id`);

--
-- Indexes for table `recipe_ingredients`
--
ALTER TABLE `recipe_ingredients`
  ADD PRIMARY KEY (`id`);

--
-- Indexes for table `region`
--
ALTER TABLE `region`
  ADD PRIMARY KEY (`id`);

--
-- Indexes for table `transaction`
--
ALTER TABLE `transaction`
  ADD PRIMARY KEY (`id`);

--
-- Indexes for table `unit`
--
ALTER TABLE `unit`
  ADD PRIMARY KEY (`id`);

--
-- Indexes for table `user`
--
ALTER TABLE `user`
  ADD PRIMARY KEY (`id`);

--
-- Indexes for table `user_activity`
--
ALTER TABLE `user_activity`
  ADD PRIMARY KEY (`id`);

--
-- Indexes for table `user_type`
--
ALTER TABLE `user_type`
  ADD PRIMARY KEY (`id`);

--
-- AUTO_INCREMENT for dumped tables
--

--
-- AUTO_INCREMENT for table `activity_type`
--
ALTER TABLE `activity_type`
  MODIFY `id` int(10) NOT NULL AUTO_INCREMENT, AUTO_INCREMENT=5;

--
-- AUTO_INCREMENT for table `add_ingredient`
--
ALTER TABLE `add_ingredient`
  MODIFY `id` int(10) NOT NULL AUTO_INCREMENT;

--
-- AUTO_INCREMENT for table `administrator`
--
ALTER TABLE `administrator`
  MODIFY `id` int(10) NOT NULL AUTO_INCREMENT, AUTO_INCREMENT=4;

--
-- AUTO_INCREMENT for table `branch`
--
ALTER TABLE `branch`
  MODIFY `id` int(10) NOT NULL AUTO_INCREMENT, AUTO_INCREMENT=15;

--
-- AUTO_INCREMENT for table `branch_ingredients`
--
ALTER TABLE `branch_ingredients`
  MODIFY `id` int(10) NOT NULL AUTO_INCREMENT, AUTO_INCREMENT=1246;

--
-- AUTO_INCREMENT for table `branch_manager`
--
ALTER TABLE `branch_manager`
  MODIFY `id` int(10) NOT NULL AUTO_INCREMENT, AUTO_INCREMENT=12;

--
-- AUTO_INCREMENT for table `branch_reports`
--
ALTER TABLE `branch_reports`
  MODIFY `id` int(10) NOT NULL AUTO_INCREMENT;

--
-- AUTO_INCREMENT for table `comment`
--
ALTER TABLE `comment`
  MODIFY `id` int(10) NOT NULL AUTO_INCREMENT, AUTO_INCREMENT=4;

--
-- AUTO_INCREMENT for table `counter`
--
ALTER TABLE `counter`
  MODIFY `id` int(10) NOT NULL AUTO_INCREMENT, AUTO_INCREMENT=4;

--
-- AUTO_INCREMENT for table `country`
--
ALTER TABLE `country`
  MODIFY `id` int(10) NOT NULL AUTO_INCREMENT, AUTO_INCREMENT=13;

--
-- AUTO_INCREMENT for table `customer`
--
ALTER TABLE `customer`
  MODIFY `id` int(10) NOT NULL AUTO_INCREMENT, AUTO_INCREMENT=11;

--
-- AUTO_INCREMENT for table `ingredients`
--
ALTER TABLE `ingredients`
  MODIFY `id` int(10) NOT NULL AUTO_INCREMENT, AUTO_INCREMENT=89;

--
-- AUTO_INCREMENT for table `order_content`
--
ALTER TABLE `order_content`
  MODIFY `id` int(10) NOT NULL AUTO_INCREMENT, AUTO_INCREMENT=16;

--
-- AUTO_INCREMENT for table `rating`
--
ALTER TABLE `rating`
  MODIFY `id` int(10) NOT NULL AUTO_INCREMENT, AUTO_INCREMENT=6;

--
-- AUTO_INCREMENT for table `recipe`
--
ALTER TABLE `recipe`
  MODIFY `id` int(10) NOT NULL AUTO_INCREMENT, AUTO_INCREMENT=35;

--
-- AUTO_INCREMENT for table `recipe_ingredients`
--
ALTER TABLE `recipe_ingredients`
  MODIFY `id` int(10) NOT NULL AUTO_INCREMENT, AUTO_INCREMENT=311;

--
-- AUTO_INCREMENT for table `region`
--
ALTER TABLE `region`
  MODIFY `id` int(10) NOT NULL AUTO_INCREMENT, AUTO_INCREMENT=3;

--
-- AUTO_INCREMENT for table `transaction`
--
ALTER TABLE `transaction`
  MODIFY `id` int(10) NOT NULL AUTO_INCREMENT, AUTO_INCREMENT=14;

--
-- AUTO_INCREMENT for table `unit`
--
ALTER TABLE `unit`
  MODIFY `id` int(10) NOT NULL AUTO_INCREMENT, AUTO_INCREMENT=6;

--
-- AUTO_INCREMENT for table `user`
--
ALTER TABLE `user`
  MODIFY `id` int(10) NOT NULL AUTO_INCREMENT, AUTO_INCREMENT=25;

--
-- AUTO_INCREMENT for table `user_activity`
--
ALTER TABLE `user_activity`
  MODIFY `id` int(10) NOT NULL AUTO_INCREMENT, AUTO_INCREMENT=23;

--
-- AUTO_INCREMENT for table `user_type`
--
ALTER TABLE `user_type`
  MODIFY `id` int(10) NOT NULL AUTO_INCREMENT, AUTO_INCREMENT=4;
COMMIT;

/*!40101 SET CHARACTER_SET_CLIENT=@OLD_CHARACTER_SET_CLIENT */;
/*!40101 SET CHARACTER_SET_RESULTS=@OLD_CHARACTER_SET_RESULTS */;
/*!40101 SET COLLATION_CONNECTION=@OLD_COLLATION_CONNECTION */;
